descricao,tipo,elemento,tensao_kv,classe,categorias,origens,subsistemas,categoria_principal,origem_principal,eng_gwh,usinas,meses,registros
Controle de frequência do SIN,Controle de frequência,SIN,,frequencia,confiabilidade/eletrica/energetica,sistemica,N/NE/S/SE,energetica,sistemica,26342.785,242,12,994330
Controle de inequação: CONTROLE DE CARREGAMENTO DA TRANSFORMAÇÃO 500/345 KV DA SE RIO NOVO DO SUL COM GVA6/MTUM/RNS RADIALIZADA - IO-ON.SE.5RJ,Controle de inequação,Transformação 500/345 kV da SE Rio Novo do Sul,500.0,local,confiabilidade/eletrica/energetica,local/sistemica,NE/SE,confiabilidade,sistemica,3701.6231,209,6,150126
Controle de inequação: LIMITAÇÃO DA TRANSMISSÃO NA LT 500 KV AÇU III / JAGUARUANA II – C1(V7) - IO-ON.NE.5NE,Limitação da transmissão,LT 500 kV Açu III / Jaguaruana II,500.0,local,confiabilidade,local,NE,confiabilidade,local,3331.0332,55,11,116678
Controle do fluxo: FNESE # Fluxo Nordeste/Sudeste,Controle do fluxo,FNESE,,exportacao,confiabilidade/eletrica/energetica,sistemica,NE/SE,eletrica,sistemica,1522.3569,203,12,39613
"Controle de inequação: LIMITAÇÃO DA TRANSMISSÃO NAS LTS 500 KV AÇU III / QUIXADÁ – C1(V2), AÇU III / MILAGRES II – C1(C2) E AÇU III / JAGUARUANA II – C1(V7) - IO-ON.NE.5NE",Limitação da transmissão,LTS 500 kV Açu III / Quixadá,500.0,local,confiabilidade/eletrica,local/sistemica,NE,confiabilidade,local,1481.7866,88,12,92332
Controle de inequação: LIMITAÇÃO DA TRANSMISSÃO NA LT 500 KV JAGUARUANA II / PACATUBA – C1(L1) - IO-ON.NE.5NE,Limitação da transmissão,LT 500 kV Jaguaruana II / Pacatuba,500.0,local,confiabilidade,local,NE,confiabilidade,local,498.7697,70,9,24180
Controle de inequação: CONTROLE DE CARREGAMENTO DA LT 230 KV ITABIRA 4 / ITABIRA 5 PARA CONTINGÊNCIA DUPLA DAS LT 500 KV ITABIRA 5 / VESPASIANO 2 E LT 500 KV ITABIRA 5 / NEVES 1 - IO-ON.SE.3MG,Controle de inequação,LT 230 kV Itabira 4 / Itabira 5,230.0,local,confiabilidade,local/sistemica,N/NE/SE,confiabilidade,sistemica,482.5379,202,2,12715
Controle de inequação: CONTROLE DE CARREGAMENTO DA TRANSFORMAÇÃO 500/345 KV DA SE RIO NOVO DO SUL COM GVA6/MTUM/RNS NÃO RADIALIZADA - IO-ON.SE.5RJ,Controle de inequação,Transformação 500/345 kV da SE Rio Novo do Sul,500.0,local,confiabilidade,local/sistemica,NE/SE,confiabilidade,sistemica,475.3834,202,1,17361
Controle do fluxo: FNS_FNESE # Somatório de FNS+FNESE,Controle do fluxo,FNS+FNESE,,exportacao,confiabilidade/eletrica/energetica,sistemica,N/NE,confiabilidade,sistemica,418.0785,195,8,16484
Desligamento das LT 525 kV Povo Novo / Marmeleiro C2,outro,LT 525 kV Povo Novo / Marmeleiro C2,525.0,outro,eletrica,local,S,eletrica,local,253.6365,2,1,2428
Controle de inequação: LIMITE DE FJUSC EM FUNÇÃO DA POTÊNCIA TRANSMITIDA PELOS BIPOLOS XINGU / ESTREITO E XINGU / TERMINAL RIO - IO-ON.SENE,Controle de inequação,Bipolos Xingu / Estreito e Xingu / Terminal Rio,,local,confiabilidade,sistemica,SE,confiabilidade,sistemica,193.6888,17,8,4080
Controle de inequação: LIMITE DE FJUSC EM FUNÇÃO DA POTÊNCIA TRANSMITIDA PELOS BIPOLOS XINGU / ESTREITO E XINGU / TERMINAL RIO,Controle de inequação,Bipolos Xingu / Estreito e Xingu / Terminal Rio,,local,eletrica,sistemica,SE,eletrica,sistemica,176.0907,16,9,2647
Controle de inequação: CONTROLE DE CARREGAMENTO DA LT 230 KV ITABIRA 4 / ITABIRA 5 PARA CONTINGÊNCIA DUPLA DAS LT 500 KV ITABIRA 5 / VESPASIANO 2 E LT 500 KV ITABIRA 5 / NEVES 1 - IO-ON.SE.5MG,Controle de inequação,LT 230 kV Itabira 4 / Itabira 5,230.0,local,confiabilidade,local/sistemica,N/NE/SE,confiabilidade,sistemica,162.7928,203,2,3812
Controle do fluxo: FNEN # Fluxo Nordeste/Norte,Controle do fluxo,FNEN,,exportacao,confiabilidade/eletrica,sistemica,NE,eletrica,sistemica,143.0281,125,7,3759
Controle de inequação: Perda da LT 345 kV Campos / Rio Novo do Sul C1,Controle de inequação,LT 345 kV Campos / Rio Novo do Sul C1,345.0,local,eletrica,local/sistemica,NE/SE,eletrica,sistemica,136.9444,212,2,7657
Controle de inequação,Controle de inequação,,,outro,eletrica,local/sistemica,N/NE/SE,eletrica,local,129.1246,121,8,4533
Controle do fluxo: ON_OC_BP_XINGU<6_GW_FJUSC_FNESE # Redução do Limite FNESE em função do FJUSC para Bipolo Xingu < 6000 MW (ON) e > 1000 MW (OC 1,Controle do fluxo,FNESE,,exportacao,eletrica,sistemica,NE,eletrica,sistemica,118.275,55,5,1802
"Controle de inequação: CONTROLE DE CARREGAMENTO DA LT 230 KV IRECÊ / MORRO DO CHAPÉU II – C1(S5), PREVENINDO A PERDA DA LT 500 KV MORRO DO CHAPÉU II / OUROLÂNDIA II – C1(N4) - IO-ON.NE.2SO",Controle de inequação,LT 230 kV Irecê / Morro do Chapéu II,230.0,local,confiabilidade,local,NE,confiabilidade,local,117.8969,25,10,2734
Controle de inequação: CONTROLE DE CARREGAMENTO DA LT 230 KV BOM NOME / MILAGRES – C1(L1) PREVENINDO A PERDA DA LT 230 KV ABAIARA / MILAGRES – C1(L2) - IO-ON.NE.2NO,Controle de inequação,LT 230 kV Bom Nome / Milagres,230.0,local,confiabilidade,local,NE,confiabilidade,local,110.385,6,7,4703
Controle de inequação: LIMITAÇÃO DO FLUXO BAHIA SUDOESTE - IO-ON.NE.2SO,Limitação da transmissão,Fluxo Bahia Sudoeste,,local,confiabilidade,local,NE,confiabilidade,local,103.8965,19,3,6914
Controle do fluxo: FPOTPPA # LT 500kV Poções III/Padre Paraíso,Controle do fluxo,LT 500kV Poções III/Padre Paraíso,500.0,local,eletrica,sistemica,NE/SE,eletrica,sistemica,101.5449,106,3,1739
"Controle de inequação: LIMITAÇÃO DA TRANSMISSÃO NAS LTS 500 KV AÇU III / QUIXADÁ – C1(V2), AÇU III / MILAGRES II – C1(C2) E AÇU III / JAGUARUANA II – C1(V7)",Limitação da transmissão,LTS 500 kV Açu III / Quixadá,500.0,local,eletrica,local,NE,eletrica,local,81.3842,41,7,3547
Controle de carregamento do TR 345/ 138 kV da SE Campos 2,Controle de inequação,TR 345/ 138 kV da SE Campos 2,345.0,local,eletrica,local/sistemica,NE/SE,eletrica,local,79.6955,205,1,6290
Controle de inequação: CONTROLE DE CARREGAMENTO DA TRANSFORMAÇÃO 500/345 KV DA SE RIO NOVO DO SUL COM GVA6/MTUM/RNS - IO-ON.SE.5RJ,Controle de inequação,Transformação 500/345 kV da SE Rio Novo do Sul,500.0,local,confiabilidade,sistemica,NE,confiabilidade,sistemica,57.7814,185,1,3556
Controle de inequação: LIMITAÇÃO DA TRANSMISSÃO DA LT 500 KV CAMPINA GRANDE III / CEARÁ MIRIM II – C1(L2) OU C2(L3) - IO-ON.NE.5NE,Limitação da transmissão,LT 500 kV Campina Grande III / Ceará Mirim II,500.0,local,confiabilidade,local,NE,confiabilidade,local,51.2561,32,5,2677
Controle de inequação: LIMITAÇÃO DO FLUXO BAHIA SUDOESTE,Limitação da transmissão,Fluxo Bahia Sudoeste,,local,eletrica,local,NE,eletrica,local,41.1359,26,4,1748
"Controle de inequação: CONTROLE DE CARREGAMENTO DA LT 230 KV BOM NOME / MILAGRES – C1(L1), PREVENINDO A PERDA DA LT 230 KV MAURITI II / MILAGRES – C1(L3) - IO-ON.NE.2NO",Controle de inequação,LT 230 kV Bom Nome / Milagres,230.0,local,confiabilidade,local,NE,confiabilidade,local,35.8202,6,3,2352
Controle de inequação: LIMITAÇÃO DA TRANSMISSÃO DA LT 500 KV BARREIRAS II / BURITIRAMA – C1(N6) - IO-ON.NE.5NE,Limitação da transmissão,LT 500 kV Barreiras II / Buritirama,500.0,local,confiabilidade,local,NE,confiabilidade,local,29.8631,8,5,217
Controle de inequação: CONTROLE DE CARREGAMENTO DA LT 230 KV JANAÚBA 3 / JAÍBA C1 E C2,Controle de inequação,LT 230 kV Janaúba 3 / Jaíba C1 e C2,230.0,local,eletrica,local,SE,eletrica,local,27.1527,4,2,902
Controle de inequação: CONTROLE DE CARREGAMENTO DAS LT 500 KV SOBRADINHO / SÃO JOÃO DO PIAUÍ - C1(C5) E C2(C2) - IO-ON.NE.5NE,Controle de inequação,LT 500 kV Sobradinho / São João do Piauí,500.0,local,confiabilidade,local,NE,confiabilidade,local,25.2592,7,5,600
Controle de inequação: LIMITAÇÃO DA TRANSMISSÃO NA LT 500 KV AÇU III / MILAGRES II – C1(C2) - IO-ON.NE.5NE,Limitação da transmissão,LT 500 kV Açu III / Milagres II,500.0,local,confiabilidade,local,NE,confiabilidade,local,22.535,20,5,889
Controle de inequação: LIMITAÇÃO DA TRANSMISSÃO DA LT 500 KV CAMPINA GRANDE III / CEARÁ MIRIM II – C1(L2) OU C2(L3),Limitação da transmissão,LT 500 kV Campina Grande III / Ceará Mirim II,500.0,local,eletrica,local,NE,eletrica,local,20.9864,61,2,684
Controle de inequação: CONTROLE DE CARREGAMENTO DO TRANSFORMADOR 230 / 69 KV – 50 MVA – T1 DA SE BOM JESUS DA LAPA - IO-ON.NE.2SO,Controle de inequação,Transformador 230 / 69 kV – 50 Mva – T1 da SE Bom Jesus da Lapa,230.0,local,confiabilidade/eletrica,local,NE,confiabilidade,local,20.1335,4,12,4480
Controle de inequação: CONTROLE DE CARREGAMENTO DAS LT 500 KV COLINAS / RIBEIRO GONÇALVES C1 E C2 PARA CONTINGÊNCIA DE UM DOS CIRCUITOS DESSA LT - IO-ON.NNE,Controle de inequação,LT 500 kV Colinas / Ribeiro Gonçalves C1 e C2,500.0,local,confiabilidade/energetica,sistemica,NE,confiabilidade,sistemica,18.4402,14,3,464
Controle de inequação: Conjunto Fotovoltaico Janaúba + Conjunto Fotovoltaico Vista Alegre + Conjunto Eólico Serra das Almas II 500kV < 800 MW,Controle de inequação,,500.0,outro,eletrica,local,SE,eletrica,local,15.212,3,1,88
Controle de inequação: F(LT 230 JAI-JAN C1 + 2) < 680 MW,Controle de inequação,LT 230 Jai-jan C1 + 2) < 680 MW,,local,eletrica,local,SE,eletrica,local,14.2426,4,2,509
Controle de inequação: CONTROLE DE CARREGAMENTO DA LT 345 KV JAGUARA / LUIZ CARLOS BARRETO PARA CONTINGÊNCIA DA LT 500 KV JAGUARA / ESTREITO - IO-ON.SE.3RG,Controle de inequação,LT 345 kV Jaguara / Luiz Carlos Barreto,345.0,local,confiabilidade,local,SE,confiabilidade,local,13.4808,12,2,208
Controle de inequação: LIMITAÇÃO DO FLUXO SENHOR DO BONFIM II - IO-ON.NE.2SO,Limitação da transmissão,Fluxo Senhor do Bonfim II,,local,confiabilidade,local,NE,confiabilidade,local,12.3426,2,3,1513
Controle de inequação: CONTROLE DE CARREGAMENTO DA LT 230 KV AÇU III / MOSSORÓ II – C1(Z7) PARA CONTINGÊNCIA DA LT 500 KV AÇU III / JAGUARUANA II – C1(V7) - IO-ON.NE.2LE,Controle de inequação,LT 230 kV Açu III / Mossoró II,230.0,local,confiabilidade,local,NE,confiabilidade,local,11.8512,20,5,990
Controle de inequação: CONTROLE DE CARREGAMENTO DA LT 345KV JAGUARA/LUIZ CARLOS BARRETO PARA CONTINGÊNCIA DA LT 500KV JAGUARA/ESTREITO,Controle de inequação,LT 345kV Jaguara/luiz Carlos Barreto,345.0,local,confiabilidade,local,SE,confiabilidade,local,9.762,12,1,96
Controle de inequação: SUB CURRAL NOVO DO PIAUI II PI - SB 500 kV CURRAL PIAUI II B1 PI (05B1),Controle de inequação,Sub Curral Novo do Piaui II PI - SB 500 kV Curral Piaui II B1 PI (05B1),500.0,local,eletrica,local,NE,eletrica,local,9.6426,7,1,99
Controle de inequação: CONTROLE DE CARREGAMENTO DA LT 230 KV ITABAIANA / ITABAIANINHA – C1(C3),Controle de inequação,LT 230 kV Itabaiana / Itabaianinha,230.0,local,eletrica,local,NE,eletrica,local,9.3667,74,1,449
Controle de inequação: LIMITE DE FJUSC EM FUNÇÃO DA POTÊNCIA TRANSMITIDA PELOS BIPOLOS XINGU / ESTREITO E XINGU / TERMINAL RIO - Nº,Controle de inequação,Bipolos Xingu / Estreito e Xingu / Terminal Rio - Nº,,local,eletrica,sistemica,SE,eletrica,sistemica,9.1044,9,1,108
Controle de inequação: CS2 DA SE JANAUBA 3,Controle de inequação,SE Janauba 3,,local,eletrica,local,SE,eletrica,local,8.3116,4,1,219
"Controle de inequação: CONTROLE DE CARREGAMENTO DO TRANSFORMADOR 230 / 138 KV – 55 MVA – T4, T5 OU T8 DA SE IRECÊ - IO-ON.NE.2SO",Controle de inequação,Transformador 230 / 138 kV – 55 Mva – T4,230.0,local,confiabilidade,local,NE,confiabilidade,local,8.1132,1,9,967
Controle da Inequação: [,Controle de inequação,,,outro,eletrica,local,NE,eletrica,local,7.8506,3,1,171
Controle de inequação: F(MCP-SPU) < 1300 MW,Controle de inequação,,,outro,eletrica,local,NE,eletrica,local,7.5872,7,1,231
Controle do fluxo: ON_OC_BP_XINGU<6_GW_FJUSC_FNS+FNESE # Redução do Limite FNS+FNESE em função do FJUSC para Bipolo Xingu < 6000 MW (ON) e > 1000 M,Controle do fluxo,FNESE,,exportacao,confiabilidade/eletrica,sistemica,NE,confiabilidade,sistemica,7.02,57,3,187
Controle de inequação: SGI: 22113-26 - LT 500 kV JAGUARUANA II / ACU III C V7 CE/RN (05V7),Controle de inequação,LT 500 kV Jaguaruana II / Acu III C V7 CE/RN (05V7),500.0,local,eletrica,local,NE,eletrica,local,7.0007,21,1,176
"Controle de inequação: F(JAL-VOT C1) + 0,62 * F(JAL-VOT C2) < 108 MW",Controle de inequação,,,outro,eletrica,local/sistemica,SE,eletrica,local,6.6773,1,2,363
Controle de inequação: CONTROLE DE CARREGAMENTO DA LT 230 KV IRECÊ / MORRO DO CHAPÉU II – C1(S5) - IO-ON.NE.2SO,Controle de inequação,LT 230 kV Irecê / Morro do Chapéu II,230.0,local,confiabilidade,local,NE,confiabilidade,local,6.5741,3,8,319
Controle de Inequação: Conjuntos Fotovoltaicos Jaíba 4 DIST + Conjunto Fotovoltaico Jaíba 138 kV + Conjunto Fotovoltaico Jaíba V + Conjunto Fotovoltaico Sol do Cerrado < 200 MW,Controle de inequação,,138.0,outro,eletrica,local/sistemica,SE,eletrica,local,6.4271,4,1,96
Controle de inequação: CONTROLE DE CARREGAMENTO DA TRANSFORMAÇÃO 500/345 KV DA SE RIO NOVO DO SUL PARA A PERDA DUPLA DA LT 345 KV VIANA / VIANA 2 C1 E C2 OU DA LT 500 KV MUTUM / VIANA 2 - IO-ON.SE.5RJ,Controle de inequação,Transformação 500/345 kV da SE Rio Novo do Sul,500.0,local,confiabilidade,sistemica,NE,confiabilidade,sistemica,6.3463,185,1,555
Controle de inequação: LIMITAÇÃO DA GERAÇÃO: Conjunto Fotovoltaico Jaíba 138 kV + Conjunto Fotovoltaico Jaíba V + Conjunto Fotovoltaico Sol do Cerrado < 200 MW,Controle de inequação,,138.0,outro,eletrica,sistemica,SE,eletrica,sistemica,5.8814,4,1,110
Controle de geração: Conjunto Fotovoltaico Janaúba + Conjunto Fotovoltaico Vista Alegre + Conjunto Eólico Serra das Almas II 500kV < 800 MW,outro,,500.0,outro,eletrica,local/sistemica,SE,eletrica,local,5.7814,4,1,53
Controle de Inequação: Conjunto Fotovoltaico Arinos 2 500 kV < 360 MW,Controle de inequação,,500.0,outro,eletrica,local,SE,eletrica,local,5.6434,1,1,19
Controle de inequação: Conjunto Fotovoltaico Arinos 2 500 kV + Conjunto Fotovoltaico Draco < 360 MW,Controle de inequação,,500.0,outro,eletrica,local,SE,eletrica,local,5.5573,1,1,17
Controle de inequação: Limites de geração dos conjuntos fotovoltaicos,Controle de inequação,,,outro,eletrica,local,SE,eletrica,local,5.5486,4,1,35
Controle de inequação: LIMITAÇÃO DO FLUXO BAHIA SUDOESTE - IO-ON.NE.5NE,Limitação da transmissão,Fluxo Bahia Sudoeste,,local,confiabilidade,local,NE,confiabilidade,local,5.52,23,2,232
"Controle dos fluxos de potência ativa nos TR1, 2, 3 e 4 de 500/230 kV da SE Curral Novo do Piauí II",Controle do fluxo,"Controle dos fluxos de potência ativa nos TR1, 2, 3 e 4 de 500/230 kV da SE Curral Novo do Piauí II",500.0,local,eletrica,local,NE,eletrica,local,5.4787,7,1,70
Controle de inequação: Conjunto Fotovoltaico Arinos 2 500 kV < 360 MW,Controle de inequação,,500.0,outro,eletrica,local,SE,eletrica,local,5.266,1,1,16
Controle de inequação F(TR-CNP) + F(CHP2-PIC-P1) < 300 MW,Controle de inequação,TR -CNP) + F(CHP2-PIC-P1) < 300 MW,,local,eletrica,local,NE,eletrica,local,5.2184,4,1,36
Controle de Inequação: Conjunto Fotovoltaico Janaúba + Conjunto Fotovoltaico Vista Alegre + Conjunto Eólico Serra das Almas II 500kV < 800 MW,Controle de inequação,,500.0,outro,eletrica,local,SE,eletrica,local,5.0712,3,1,47
Controle de geração para Conjunto Fotovoltaico Arinos 2 500 kV,outro,,500.0,outro,eletrica,local,SE,eletrica,local,5.0169,1,1,17
Controle de geração para Conjunto Fotovoltaico Janauba,outro,,,outro,eletrica,local/sistemica,SE,eletrica,local,4.7717,1,1,24
CONTROLE DE CARREGAMENTO DA TRANSFORMAÇÃO 500/345 KV DA SE RIO NOVO DO SUL COM GVA6/MTUM/RNS RADIALIZADA - IO-ON.SE.5RJ,Controle de inequação,Transformação 500/345 kV da SE Rio Novo do Sul,500.0,local,confiabilidade,local/sistemica,SE,confiabilidade,sistemica,4.6918,8,1,60
Controle de inequação: CONTROLE DE CARREGAMENTO DA TRANSFORMAÇÃO 230/138 KV DA SE JAÍBA PARA A CONTINGÊNCIA DE UM TRANSFORMADOR 230/138 KV DA SE JAÍBA - IO-ON.SE.3MG,Controle de inequação,Transformação 230/138 kV da SE Jaíba,230.0,local,confiabilidade,local,SE,confiabilidade,local,4.5351,3,4,399
Controle de inequação: Conjunto Fotovoltaico Janaúba + Conjunto Fotovoltaico Vista Alegre + Conjunto Eólico Serra das Almas II 500kV < 700 MW,Controle de inequação,,500.0,outro,eletrica,local,SE,eletrica,local,4.504,3,1,84
Controle de inequação: LIMITAÇÃO DA TRANSMISSÃO NA LT 500 KV AÇU III / JAGUARUANA II – C1(V7),Limitação da transmissão,LT 500 kV Açu III / Jaguaruana II,500.0,local,eletrica,local,NE,eletrica,local,4.3532,33,1,132
Controle do fluxo: Conjunto Fotovoltaico Janaúba + Conjunto Fotovoltaico Vista Alegre + Conjunto Eólico Serra das Almas II 500kV < 800 MW,Controle do fluxo,Conjunto Fotovoltaico Janaúba + Conjunto Fotovoltaico Vista Alegre + Conjunto Eólico Serra das Almas II 500kV < 800 MW,500.0,local,eletrica,local,SE,eletrica,local,4.3254,3,1,31
Controle do fluxo: Conjunto Fotovoltaico Arinos 2 500 kV + Conjunto Fotovoltaico Draco < 360 MW,Controle do fluxo,Conjunto Fotovoltaico Arinos 2 500 kV + Conjunto Fotovoltaico Draco < 360 MW,500.0,local,eletrica,local,SE,eletrica,local,4.2275,1,1,23
"Controle de inequação: CONTROLE DE CARREGAMENTO DA LT 230 KV MAURITI II / MILAGRES – C1(L3), PREVENINDO A PERDA DA LT 230 KV ABAIARA / MILAGRES – C1(L2) - IO-ON.NE.2NO",Controle de inequação,LT 230 kV Mauriti II / Milagres,230.0,local,confiabilidade,local,NE,confiabilidade,local,4.0946,9,7,609
Controle da inequação: Conjunto Fotovoltaico Arinos 2 500 kV + Conjunto Fotovoltaico Draco < 360 MW,Controle de inequação,,500.0,outro,eletrica,local,SE,eletrica,local,3.8901,1,1,20
Controle de inequação: Conjunto Fotovoltaico Janaúba < 600 MW,Controle de inequação,,,outro,eletrica,local,SE,eletrica,local,3.7821,1,1,16
Controle de inequação: LIMITAÇÃO DA GERAÇÃO: Conjunto Fotovoltaico Janaúba + Conjunto Fotovoltaico Vista Alegre + Conjunto Eólico Serra das Almas II 500kV < 800,Controle de inequação,,500.0,outro,eletrica,sistemica,SE,eletrica,sistemica,3.7377,3,1,48
Controle do FNESE,Controle do fluxo,FNESE,,exportacao,eletrica,sistemica,NE,eletrica,sistemica,3.0117,58,1,460
Controle de geração para Conjunto Fotovoltaico Vista Alegre-Janauba,outro,,,outro,eletrica,local/sistemica,SE,eletrica,local,2.9093,1,1,24
Controle de inequação: CONTROLE DE CARREGAMENTO DA TRANSFORMAÇÃO 500/345 KV DA SE NEVES 1 PARA CONTINGÊNCIA DUPLA DAS LT 500 KV ITABIRA 5 / VESPASIANO 2 E LT 500 KV ITABIRA 5 / NEVES 1 - IO-ON.SE.5MG,Controle de inequação,Transformação 500/345 kV da SE Neves 1,500.0,local,confiabilidade,local,SE,confiabilidade,local,2.8751,7,1,35
Controle de inequação: TRANSFORMAÇÃO 138/230 KV 04T4/04T5/04T6 BOM NOME - IO-ON.NE.2NO,Controle de inequação,Transformação 138/230 kV 04T4/04T5/04T6 Bom Nome,138.0,local,confiabilidade,local,NE,confiabilidade,local,2.5828,3,5,503
Controle do fluxo: FNEN # Fluxo Nordeste/Sudeste,Controle do fluxo,FNEN,,exportacao,eletrica,sistemica,NE,eletrica,sistemica,2.4932,20,1,66
Controle de inequação: Ambas - LT 230 kV CRATO II / TAUA II C M7 CE (04M7),Controle de inequação,LT 230 kV Crato II / Taua II C M7 CE (04M7),230.0,local,eletrica,local,NE,eletrica,local,2.4502,3,1,126
Controle de inequação: CONTROLE DE CARREGAMENTO DA LT 230 KV PAULO AFONSO / TACARATU – C1(F1) - IO-ON.NE.2NO,Controle de inequação,LT 230 kV Paulo Afonso / Tacaratu,230.0,local,confiabilidade,local,NE,confiabilidade,local,2.3889,7,4,261
Controle de inequação: Conjunto Fotovoltaico Arinos 2 500 kV < 350 MW,Controle de inequação,,500.0,outro,eletrica,local,SE,eletrica,local,2.3171,1,1,29
Controle da inequação: Conjunto Fotovoltaico Janaúba + Conjunto Eólico Serra das Almas II 500kV + Conjunto Fotovoltaico Vista Alegre < 300 MW,Controle de inequação,,500.0,outro,eletrica,local/sistemica,SE,eletrica,sistemica,2.2801,3,1,34
Controle de inequação: Conjunto Fotovoltaico Arinos 2 500 kV < 300 MW,Controle de inequação,,500.0,outro,eletrica,local,SE,eletrica,local,2.0875,1,1,8
Controle de inequação: CONTROLE DA TRANSFORMAÇÃO (2 x 300MVA) 440/138 KV DA SE MARECHAL RONDON,Controle de inequação,Transformação (2 x 300MVA) 440/138 kV da SE Marechal Rondon,440.0,local,eletrica,local,SE,eletrica,local,2.0398,4,1,71
Controle do fluxo: FNESE_FJUSC_2.7*(FJUSC-K) # Redução do Limite FNESE em função do FJUSC para Bipolo Xingu < 5000 MW e FNXG > 0 MW,Controle do fluxo,FNESE,,exportacao,eletrica,sistemica,NE,eletrica,sistemica,2.0186,30,1,30
Controle de inequação: Conjunto Fotovoltaico Janaúba + Conjunto Eólico Serra das Almas II 500kV < 300 MW,Controle de inequação,,500.0,outro,eletrica,local,SE,eletrica,local,1.9334,2,1,10
Controle de inequação: Conjunto Fotovoltaico Janaúba < 900 MW,Controle de inequação,,,outro,eletrica,local,SE,eletrica,local,1.9237,1,1,26
Controle de carregamento nominal do C1 da LT 203 kV Janaúba 3 / Jaíba,Controle de inequação,LT 203 kV Janaúba 3 / Jaíba,203.0,local,eletrica,local,SE,eletrica,local,1.9004,4,1,48
Controle de inequação: LIMITAÇÃO DA GERAÇÃO: Conjunto Fotovoltaico Arinos 2 500 kV + Conjunto Fotovoltaico Draco < 350 MW,Controle de inequação,,500.0,outro,eletrica,sistemica,SE,eletrica,sistemica,1.8256,1,1,24
Controle de inequação: Conjunto Fotovoltaico Arinos 2 500 kV < 800 MW,Controle de inequação,,500.0,outro,eletrica,sistemica,SE,eletrica,sistemica,1.8034,1,1,20
Conjunto Fotovoltaico Sol do Cerrado + Conjunto Fotovoltaico Jaíba V < 70 MW,outro,,,outro,eletrica,local,SE,eletrica,local,1.7294,2,1,25
"Controle de carregamento da LT 04F1 Aquiraz II / Fortaleza, prevenindo a perda dupla das LTs 04F2 e 04F3 Aquiraz II / Fortaleza",Controle de inequação,LT 04F1 Aquiraz II / Fortaleza,,local,confiabilidade,local,NE,confiabilidade,local,1.7238,2,1,66
Controle de inequação: LT 500 KV JAGUARUANA II / PACATUBA – C1(L1) - IO-OC.NE.5NE,Controle de inequação,LT 500 kV Jaguaruana II / Pacatuba,500.0,local,confiabilidade,local,NE,confiabilidade,local,1.7059,48,4,64
Controle de Inequação: Conjunto Fotovoltaico Janaúba + Conjunto Eólico Serra das Almas II 500kV < 300 MW,Controle de inequação,,500.0,outro,eletrica,local,SE,eletrica,local,1.7001,2,1,16
Controle de inequação: CONTROLE DE CARREGAMENTO DA LT 138 KV JALES / BOA HORA C1 E C2,Controle de inequação,LT 138 kV Jales / Boa Hora C1 e C2,138.0,local,eletrica,local,SE,eletrica,local,1.4974,3,2,141
Controle de inequação: CONTROLE DE CARREGAMENTO DA LT 230 KV MILAGRES / COREMAS – C1(M6) E C2(M5) PREVENINDO A PERDA DA LT 230 KV MILAGRES / COREMAS – C1(M6) - IO-ON.NE.2NO,Controle de inequação,LT 230 kV Milagres / Coremas,230.0,local,confiabilidade,local,NE,confiabilidade,local,1.446,1,9,176
Controle de inequação: FNPON3 < 1700 MW,Controle de inequação,,,outro,eletrica,local,SE,eletrica,local,1.4318,2,1,17
Controle de carregamento da LT 230 KV Itabira 4 / Itabira 5 para contingência dupla das LT 500 KV Itabira 5 / Vespasiano 2 e LT 500 KV Itabira 5 / Neves 1,Controle de inequação,LT 230 kV Itabira 4 / Itabira 5,230.0,local,confiabilidade,sistemica,N/SE,confiabilidade,sistemica,1.4104,9,1,30
Controle de inequação: Conjunto UFV Helio Valgas < 300 MW,Controle de inequação,,,outro,eletrica,local,SE,eletrica,local,1.3857,1,1,20
Sobrecarga nas LTs 138 kV Jaiba 4 / Manga 3 e 138 kV Jaiba 1 / Manga 3,outro,LTs 138 kV Jaiba 4 / Manga 3 e 138 kV Jaiba 1 / Manga 3,138.0,outro,eletrica,local,SE,eletrica,local,1.3423,3,1,14
46.284-26 - LT 500 kV P. JUSCELINO / VESPASIANO 2 C 1,outro,LT 500 kV P. Juscelino / Vespasiano 2 C 1,500.0,outro,eletrica,sistemica,SE,eletrica,sistemica,1.3201,10,1,20
Controle de inequação: Conjunto Fotovoltaico Arinos 2 < 800 MW,Controle de inequação,,,outro,eletrica,local/sistemica,SE,eletrica,local,1.3073,1,1,34
Controle de inequação: LT 500 KV JAGUARUANA II / PACATUBA – C1(L1),Controle de inequação,LT 500 kV Jaguaruana II / Pacatuba,500.0,local,confiabilidade,local,NE,confiabilidade,local,1.3043,40,1,81
Controle de inequação: LIMITAÇÃO DA TRANSMISSÃO NA LT 500 KV JAGUARUANA II / PACATUBA – C1(L1),Limitação da transmissão,LT 500 kV Jaguaruana II / Pacatuba,500.0,local,eletrica,local,NE,eletrica,local,1.2783,11,1,70
Controle do fluxo: ON_BP_XINGU<6_GW_FJUSC_FNS+FNESE,Controle do fluxo,FNESE,,exportacao,confiabilidade,sistemica,NE,confiabilidade,sistemica,1.2494,10,1,23
"Desligamento das LT's 230kV Campo Largo/Ourolândia II 04P1 e 04P2, por atuação do SEP 5.46.01 (Esquema de corte de geração para perda da LT 500kV Morro do Chapéu II/Ourolândia II)",Esquema,LT 's 230kV Campo Largo/Ourolândia II 04P1 e 04P2,230.0,local,eletrica,local,NE,eletrica,local,1.2473,1,1,9
Controle de inequação: LIMITAÇÃO DO FLUXO BAHIA SUDOESTE e MOP 489-R - IO-ON.NE.5NE,Limitação da transmissão,Fluxo Bahia Sudoeste e Mop 489-R,,local,confiabilidade,local,NE,confiabilidade,local,1.2224,23,1,66
Controle de inequação: CONTROLE DE CARREGAMENTO DA LT 500 KV PRESIDENTE DUTRA / BOA ESPERANÇA PARA CONTINGÊNCIA DAS LT 500 KV COLINAS – RIBEIRO GONÇALVES – SÃO JOÃO DO PIAUÍ C1 E C2 - IO-ON.NNE,Controle de inequação,LT 500 kV Presidente Dutra / Boa Esperança,500.0,local,confiabilidade,sistemica,NE,confiabilidade,sistemica,1.1852,2,1,15
Controle de inequação: SUB CRATO II CE - LT 230 kV CRATO II / TAUA II C M7 CE (04M7),Controle de inequação,Sub Crato II CE - LT 230 kV Crato II / Taua II C M7 CE (04M7),230.0,local,eletrica,local,NE,eletrica,local,1.1589,3,1,60
Desligamento automático da LT 500 kV JAGUARUANA II / ACU III C V7 CE/RN (05V7),outro,LT 500 kV Jaguaruana II / Acu III C V7 CE/RN (05V7),500.0,outro,eletrica,local,NE,eletrica,local,1.1223,1,1,7
Desligamento automático do circuito C1 500kV Ribeiro Gonçalves / São João do Piauí,outro,,500.0,outro,eletrica,local,NE,eletrica,local,1.0888,3,1,18
Controle de inequação: SB 500 kV CURRAL PIAUI II B2 PI (05B2),Controle de inequação,,500.0,outro,eletrica,local,NE,eletrica,local,1.0795,5,1,20
SGIs 63.900 e 63.906-25,outro,,,outro,eletrica,sistemica,SE,eletrica,sistemica,1.0578,1,1,7
Controle de inequação: DESENERGIZAÇÃO DA LT 500 KV RIO DAS ÉGUAS / BARREIRAS II – C1(N2) OU C2(N5) (SISTÊMICO) - IO-PM.NE.5NE,Controle de inequação,LT 500 kV Rio das Éguas / Barreiras II,500.0,local,confiabilidade,local,NE,confiabilidade,local,0.9857,2,1,9
Controle de inequação: CONTROLE DE CARREGAMENTO DA TRANSFORMAÇÃO 500/354 KV DA SE NEVES 1 - IO-ON.SE.5MG,Controle de inequação,Transformação 500/354 kV da SE Neves 1,500.0,local,confiabilidade,local,SE,confiabilidade,local,0.9445,13,1,18
"Controle de inequação: F(JGD-PCT) + 0,52*F(QXA-FZD) < 1100 MW",Controle de inequação,,,outro,eletrica,local,NE,eletrica,local,0.8765,6,1,6
Controle de inequação: CONTROLE DE CARREGAMENTO DA TRANSFORMAÇÃO 230/138 KV DA SE JAÍBA PARA A CONTINGÊNCIA DE UM TRANSFORMADOR 230/138 KV DA SE JAÍBA - IO-ON.SE.5MG,Controle de inequação,Transformação 230/138 kV da SE Jaíba,230.0,local,confiabilidade,local,SE,confiabilidade,local,0.8761,3,4,115
Controle de inequação: LIMITAÇÃO DO FLUXO BAHIA SUDOESTE_P(GOR/BTR) - IO-ON.NE.5NE e MOP489-R,Limitação da transmissão,Fluxo Bahia Sudoeste_p(gor/btr),,local,confiabilidade,local,NE,confiabilidade,local,0.8527,5,1,41
Controle de inequação: F(PIC-SJI) + F(CHP1-CNP) + F(CHP3-CNP) < 238 MW (1.4.1),Controle de inequação,,,outro,eletrica,local,NE,eletrica,local,0.7722,3,1,72
Controle de inequação: LT 500 KV JAGUARUANA II / PACATUBA – C1(L1) - IO-PM.NE.5NE,Controle de inequação,LT 500 kV Jaguaruana II / Pacatuba,500.0,local,confiabilidade,local,NE,confiabilidade,local,0.7339,35,1,39
CONTROLE DE CARREGAMENTO DA TRANSFORMAÇÃO 500/345 KV DA SE NEVES 1 PARA CONTINGÊNCIA DUPLA DAS LT 500 KV ITABIRA 5 / VESPASIANO 2 E LT 500 KV ITABIRA 5 / NEVES 1 - IO-ON.SE.5MG,Controle de inequação,Transformação 500/345 kV da SE Neves 1,500.0,local,confiabilidade,local,SE,confiabilidade,local,0.6692,1,1,5
Conjunto Fotovoltaico Arinos 2 500 kV + Conjunto Fotovoltaico Draco < 1000 MW,outro,,500.0,outro,eletrica,local,SE,eletrica,local,0.6468,1,1,5
Controle de geração: Conjunto UFV Helio Valgas < 300 MW,outro,,,outro,eletrica,local/sistemica,SE,eletrica,sistemica,0.5803,1,1,39
Controle de inequação: CONTROLE DE CARREGAMENTO DA TRANSFORMAÇÃO 500/230 KV DA SE SÃO JOÃO DO PIAUÍ PARA CONTINGÊNCIA DA LT 500 KV CURRAL NOVO DO PIAUÍ II / SÃO JOÃO DO PIAUÍ - C1(C1) - IO-ON.NE.2OE,Controle de inequação,Transformação 500/230 kV da SE São João do Piauí,500.0,local,confiabilidade,local,NE,confiabilidade,local,0.5798,3,1,24
"Controle de inequação: F(USB/SJI C2) + 0,40 F(CNP-SJI) < 1992 MW",Controle de inequação,,,outro,eletrica,local,NE,eletrica,local,0.5026,3,1,21
Controle de Inequação: F(TR-CNP) + F(CHP2-PIC-P1) < 300 MW,Controle de inequação,TR -CNP) + F(CHP2-PIC-P1) < 300 MW,,local,eletrica,local,NE,eletrica,local,0.496,7,1,9
Controle de inequação: F (JCD_69-230) - G (TSN) < 200 MW,Controle de inequação,,,outro,eletrica,local,NE,eletrica,local,0.4936,3,1,36
Controle de inequação: Conjunto Fotovoltaico Sol do Cerrado + Conjunto Fotovoltaico Jaíba V < 135 MW,Controle de inequação,,,outro,eletrica,local,SE,eletrica,local,0.4726,2,1,11
Controle de inequação: Conj Fot Arinos 2 500 kV + Conj Fot Draco < 1300 MW - Conform,Controle de inequação,,500.0,outro,eletrica,local,SE,eletrica,local,0.4462,2,1,24
"Desligamento do Conjunto Eólico Carnaúbas para possibilitar o agente AXIA NORDESTE realizar a manutenção do TR 230 / 69 kV TOUROS T1 RN (04T1) da SE Touros 69kV, conforme o",outro,TR 230 / 69 kV Touros T1 RN (04T1) da SE Touros 69kV,230.0,outro,eletrica,local,NE,eletrica,local,0.4331,1,1,16
Controle dE Inequação: 50 MW <= Conjunto Fotovoltaico Barro Alto <= 150 MW,Controle de inequação,,,outro,eletrica,local,SE,eletrica,local,0.429,1,1,8
CONTROLE DE CARREGAMENTO DA TRANSFORMAÇÃO 230/138 KV DA SE JAÍBA,Controle de inequação,Transformação 230/138 kV da SE Jaíba,230.0,local,confiabilidade,local,SE,confiabilidade,local,0.4258,3,1,17
Controle da inequação: Conjunto Fotovoltaico Jaíba V + Conjunto Fotovoltaico Sol do Cerrado < 250 MW,Controle de inequação,,,outro,eletrica,sistemica,SE,eletrica,sistemica,0.4207,2,1,20
Controle de inequação: CONTROLE DE CARREGAMENTO DA LT 230 KV CHAPADA I / CURRAL NOVO DO PIAUÍ II – C1(L3) PARA CONTINGÊNCIA DA LT 230 KV CHAPADA III / CURRAL NOVO DO PIAUÍ II- C1(L2) - IO-ON.NE.2OE,Controle de inequação,LT 230 kV Chapada I / Curral Novo do Piauí II,230.0,local,confiabilidade,local,NE,confiabilidade,local,0.4025,1,2,17
Redução dos limites de FACT,outro,,,outro,eletrica,local,NE,eletrica,local,0.3911,8,1,16
Controle de inequação: CONTROLE DE CARREGAMENTO DA LT 230 KV PARAÍSO / LAGOA NOVA II – C2(L8) PARA CONTINGÊNCIA DA LT 230 KV PARAÍSO / LAGOA NOVA II – C1(L7) - IO-ON.NE.2LE,Controle de inequação,LT 230 kV Paraíso / Lagoa Nova II,230.0,local,confiabilidade,local,NE,confiabilidade,local,0.39,5,2,56
Atendimento a inequação: Conjunto Fotovoltaico Arinos 2 500 kV + Conjunto Fotovoltaico Draco < 1200 MW,outro,,500.0,outro,eletrica,local,SE,eletrica,local,0.3231,2,1,14
"Controle de inequação: CONTROLE DE CARREGAMENTO DO TRANSFORMADOR 230 / 138 KV – 55 MVA – T4, T5 OU T8 DA SE IRECÊ",Controle de inequação,Transformador 230 / 138 kV – 55 Mva – T4,230.0,local,eletrica,local,NE,eletrica,local,0.3097,1,2,22
Controle de inequação: CONTROLE DE CARREGAMENTO DOS TRANSFORMADORES 230/138 KV DA SE BOM NOME - IO-ON.NE.2NO,Controle de inequação,Transformadores 230/138 kV da SE Bom Nome,230.0,local,confiabilidade,local,NE,confiabilidade,local,0.3019,3,3,76
Controle de Inequação: Conjunto Fotovoltaico Vista Alegre < 450 MW,Controle de inequação,,,outro,eletrica,local,SE,eletrica,local,0.2993,1,1,7
Controle de inequação: CONTROLE DE CARREGAMENTO DA LT 230 KV ITABIRA 4 / ITABIRA 5 PARA CONTINGÊNCIA DUPLA DAS LT 500 KV ITABIRA 5 / VESPASIANO 2 E LT 500 KV ITABIRA 5 / NEVES 1,Controle de inequação,LT 230 kV Itabira 4 / Itabira 5,230.0,local,eletrica,local,SE,eletrica,local,0.2967,7,1,13
Limitação de geração: Conjunto Fotovoltaico Janaúba < 750 MW e Conjunto Fotovoltaico Vista Alegre < 750 MW,outro,,,outro,eletrica,local,SE,eletrica,local,0.2934,2,1,4
Controle de inequação: F(TR1 JBA3) + 0.75*(F(TR2 JBA3)+F(TR5 JBA3) +F(TR6 JBA3)) <= 411 MW,Controle de inequação,,,outro,eletrica,local,SE,eletrica,local,0.2918,4,1,21
Desligamento automático da LT 500kV Barreiras II / Buritirama (05N6),outro,LT 500kV Barreiras II / Buritirama (05N6),500.0,outro,eletrica,local,NE,eletrica,local,0.2906,1,1,2
Controle do fluxo: RGV_CO # LT 500kV Ribeiro Gonçalves/Colinas,Controle do fluxo,LT 500kV Ribeiro Gonçalves/Colinas,500.0,local,confiabilidade,sistemica,NE,confiabilidade,sistemica,0.2609,1,1,4
CONTROLE DE CARREGAMENTO DA LT JALES - VOTUPORANGA 2 C1 E C2,Controle de inequação,LT Jales - Votuporanga 2 C1 e C2,,local,eletrica,local/sistemica,SE,eletrica,local,0.2566,1,1,22
"Controle de inequação: F(TR9 TRI) + 0,51 F(TR10 TRI) - 0,45 SEP < 350 MW SEP = Geração nas UFVs Novo Oriente IV e VI - IO-ON.SE.4SP",Controle de inequação,SE .4SP,,local,confiabilidade,local,SE,confiabilidade,local,0.2513,1,2,40
Controle da inequação: Conjunto Fotovoltaico Arinos 2 500 kV + Conjunto Fotovoltaico Draco < 800 MW,Controle de inequação,,500.0,outro,eletrica,sistemica,SE,eletrica,sistemica,0.2483,2,1,16
Desligamento automático do barramento 04B2 da SE Touros. (60.894-25 em execução no momento),outro,SE Touros. (60.894-25 em execução no momento),,outro,eletrica,local,NE,eletrica,local,0.2373,2,1,6
Controle de inequação: SUB BOM JESUS DA LAPA BA - LT 230 kV B.JESUS LAPA / BROTAS.MACAUBAS C F5 BA (04F5),Controle de inequação,Sub Bom Jesus da Lapa BA - LT 230 kV B.JESUS Lapa / BROTAS.MACAUBAS C F5 BA (04F5),230.0,local,eletrica,local,NE,eletrica,local,0.236,2,1,12
Controle de inequação: CJ UFV Sol do Cerrado + CJ UFV Jaiba V < 280 MW,Controle de inequação,,,outro,eletrica,local,SE,eletrica,local,0.2279,2,1,6
Controle de inequação: CONTROLE DE CARREGAMENTO DA LT JALES - VOTUPORANGA 2 C1 E C2,Controle de inequação,LT Jales - Votuporanga 2 C1 e C2,,local,eletrica,local/sistemica,SE,eletrica,sistemica,0.2128,1,1,20
"Controle da inequação 1.2.1, conforme recomendação do",Controle de inequação,,,outro,eletrica,sistemica,NE,eletrica,sistemica,0.2023,1,1,2
"Controle de inequação: P(TR-9 138/440 kV TRI) + 0,53 P(TR-10 138/440 kV TRI) - 0,49 P(UFV IV + UFV VI NOS) < 350 MW",Controle de inequação,TR -9 138/440 kV Tri) + 0,138.0,local,eletrica,local,SE,eletrica,local,0.202,1,1,13
Controle de inequação: LT 230 kV MILAGRES / TAUA II C M4 CE (04M4),Controle de inequação,LT 230 kV Milagres / Taua II C M4 CE (04M4),230.0,local,eletrica,local/sistemica,NE,eletrica,local,0.1886,3,1,45
"Controle de inequação: CONTROLE DE CARREGAMENTO DAS LTS 230 KV SOBRADINHO / JUAZEIRO DA BAHIA II – C1(S1) E C2(S2), PREVENINDO A PERDA DA LT 500 KV SOBRADINHO / FUTURA – C1(C3) - IO-ON.NE.2SO",Controle de inequação,LTS 230 kV Sobradinho / Juazeiro da Bahia II,230.0,local,confiabilidade,local,NE,confiabilidade,local,0.1885,2,2,8
"Desligamento automático, conforme SIPER N° 7748/2025",outro,,,outro,eletrica,local,NE,eletrica,local,0.1858,1,1,2
Controle de inequação: CONTROLE DE CARREGAMENTO DA LT 230 KV CHAPADA I / CURRAL NOVO DO PIAUÍ II – C1(L3)PARA CONTINGÊNCIA DA LT 230 KV CHAPADA III / CURRAL NOVO DO PIAUÍ II- C1(L2) - IO-ON.NE.2OE,Controle de inequação,LT 230 kV Chapada I / Curral Novo do Piauí II,230.0,local,confiabilidade,local,NE,confiabilidade,local,0.1798,1,1,5
Desligamento da LT 525 kV Povo Novo / Marmeleiro 2 C2,outro,LT 525 kV Povo Novo / Marmeleiro 2 C2,525.0,outro,eletrica,local,S,eletrica,local,0.1763,2,1,10
Controle de geração para Conjunto Fotovoltaico Arinos 2,outro,,,outro,eletrica,sistemica,SE,eletrica,sistemica,0.1445,1,1,3
Controle de inequação: F(BAR-REG CN2) < 1214 MW,Controle de inequação,,,outro,eletrica,local,NE,eletrica,local,0.1443,1,1,2
Limitação da Transmissão na LT 500 kV Jaguaruana II / Pacatuba – C1(L1),Limitação da transmissão,LT 500 kV Jaguaruana II / Pacatuba,500.0,local,confiabilidade,local,NE,confiabilidade,local,0.1437,8,1,8
Atuação do SEP 5.255.02 - Esquema de corte de geração na SE Açu III - Perda de LT,Esquema,SE Açu III - Perda de LT,,local,eletrica,local,NE,eletrica,local,0.1373,2,1,4
Controle do fluxo FNESE,Controle do fluxo,FNESE,,exportacao,eletrica,sistemica,NE,eletrica,sistemica,0.1287,1,1,2
"Controle de inequação: CONTROLE DE CARREGAMENTO NA TRANSFORMAÇÃO 500/345/13,8 KV - 750 MVA DA SE IBIÚNA - IO.ON.SSE",Controle de inequação,Transformação 500/345/13,,local,confiabilidade,local/sistemica,S,confiabilidade,sistemica,0.1284,13,1,39
Controle da Inequação: [CONTROLE DE CARREGAMENTO DA TRANSFORMAÇÃO 500/345 KV DA SE RIO NOVO DO SUL COM GVA6/MTUM/RNS RADIALIZADA],Controle de inequação,Transformação 500/345 kV da SE Rio Novo do Sul,500.0,local,confiabilidade,sistemica,NE,confiabilidade,sistemica,0.1236,1,1,11
Controle da inequação: Conjunto Fotovoltaico Janaúba + Conjunto Fotovoltaico Vista Alegre + Conjunto Eólico Serra das Almas II 500kV < 800 MW,Controle de inequação,,500.0,outro,eletrica,local,SE,eletrica,local,0.1162,3,1,9
"Desligamento automático da LT 230 kV 04N3 Igapora III / Pindaí II, SIPER n° 3271-26",outro,LT 230 kV 04N3 Igapora III / Pindaí II,230.0,outro,eletrica,local,NE,eletrica,local,0.1155,5,1,20
LT 500 KV ARINOS 2 / RIO DAS EGUAS C N4 MG/BA,outro,LT 500 kV Arinos 2 / Rio das Eguas C N4 MG/BA,500.0,outro,eletrica,sistemica,SE,eletrica,sistemica,0.1031,1,1,4
Controle de inequação: TR 230 / 69 kV IGAPORA II T2 BA (04T2),Controle de inequação,TR 230 / 69 kV Igapora II T2 BA (04T2),230.0,local,eletrica,local,NE,eletrica,local,0.1023,2,1,4
Controle de inequação: SUB JUAZEIRO DA BAHIA III BA - TR 500 / 230 kV JUAZEIRO III T2 BA (05T2),Controle de inequação,Sub Juazeiro da Bahia III BA - TR 500 / 230 kV Juazeiro III T2 BA (05T2),500.0,local,eletrica,local,NE,eletrica,local,0.0986,2,1,4
FNESE # Fluxo Nordeste/Sudeste,outro,Fluxo Nordeste/Sudeste,,exportacao,eletrica,sistemica,NE,eletrica,sistemica,0.0969,8,1,16
LT 230 KV Itabira 4 / Itabira 5 para contingência dupla das LT 500 KV Itabira 5 / Vespasiano 2 e LT 500 KV Itabira 5 / Neves 1,outro,LT 230 kV Itabira 4 / Itabira 5,230.0,outro,confiabilidade,sistemica,SE,confiabilidade,sistemica,0.0962,1,1,3
"Controle de carregamento: LT 230 kV Ourolândia II/Campo Formoso - C1(C2) - Liberações dos SGIs 50.574-25, 55.686-25 e 51.548-25",Controle de inequação,LT 230 kV Ourolândia II/Campo Formoso,230.0,local,eletrica,local,NE,eletrica,local,0.0959,3,1,9
Desligamento automático da LT 230 KV JANAÚBA 3 / JAÍBA C1 E C2,outro,LT 230 kV Janaúba 3 / Jaíba C1 e C2,230.0,outro,eletrica,local,SE,eletrica,local,0.0955,3,1,6
Controle de inequação: CONTROLE DE CARREGAMENTO DA LT 230 KV CHAPADA I / CURRAL NOVO DO PIAUÍ II – C1(L3) PARA CONTINGÊNCIA DA LT 230 KV CHAPADA II / PICOS - C1(P1) - IO-ON.NE.2OE,Controle de inequação,LT 230 kV Chapada I / Curral Novo do Piauí II,230.0,local,confiabilidade,local,NE,confiabilidade,local,0.0842,1,2,4
Controle de inequação: CONTROLE DE CARREGAMENTO DA LT 230 KV CHAPADA I / CURRAL NOVO DO PIAUÍ II – C1(L3) PARA CONTINGÊNCIA DA TRANSFORMAÇÃO 500/230 KV DA SE SÃO JOÃO DO PIAUÍ - IO-ON.NE.2OE,Controle de inequação,LT 230 kV Chapada I / Curral Novo do Piauí II,230.0,local,confiabilidade,local,NE,confiabilidade,local,0.0744,1,1,3
Desligamento automático dos barramentos de 230kV e 69 kV da SE Morro do Chapéu II,outro,SE Morro do Chapéu II,230.0,outro,eletrica,local,NE,eletrica,local,0.0742,1,1,4
Controle de inequação: Conjunto Fotovoltaico Arinos 2 500 kV + Conjunto Fotovoltaico Draco < 1000 MW,Controle de inequação,,500.0,outro,eletrica,sistemica,SE,eletrica,sistemica,0.0733,1,1,5
Controle de inequação: CONTROLE DE CARREGAMENTO DA LT 230 KV ITABIRA 4 / ITABIRA 5 PARA CONTINGÊNCIA DUPLA DAS LT 500 KV ITABIRA 5 / VESPASIANO 2 E LT 500 KV ITABIRA 5 / NEVES 1 - MOP 402-R/2025,Controle de inequação,LT 230 kV Itabira 4 / Itabira 5,230.0,local,confiabilidade,sistemica,N,confiabilidade,sistemica,0.0727,1,1,6
Controle de fluxo de potência ativa na LT 230 kV Campo Formoso / Ourolândia II,outro,fluxo de potência ativa na LT 230 kV Campo Formoso / Ourolândia II,230.0,outro,eletrica,local,NE,eletrica,local,0.0717,3,1,3
Controle do fluxo de potência ativa na LT 230 kV Chapada III / Curral Novo do Piauí II,Controle do fluxo,Controle do fluxo de potência ativa na LT 230 kV Chapada III / Curral Novo do Piauí II,230.0,local,eletrica,local,NE,eletrica,local,0.0619,1,1,2
Atuação do esquema de subtensão da SE Ceará Mirim,Esquema,SE Ceará Mirim,,local,eletrica,local,NE,eletrica,local,0.0617,2,1,8
Controle do fluxo de potência ativa na LT 230 kV Chapada II / Picos,Controle do fluxo,Controle do fluxo de potência ativa na LT 230 kV Chapada II / Picos,230.0,local,eletrica,local/sistemica,NE,eletrica,local,0.0591,7,2,24
Controle de inequação: CONTROLE DE CARREGAMENTO DA LT 230 KV IRECÊ / MORRO DO CHAPÉU II – C1(S5),Controle de inequação,LT 230 kV Irecê / Morro do Chapéu II,230.0,local,eletrica,local,NE,eletrica,local,0.0529,1,1,3
Atendimento a recomendação,outro,,,outro,eletrica,sistemica,NE,eletrica,sistemica,0.0525,1,1,4
Controle de inequação:F(CMA-MLG M5+M6) < 238 MW,Controle de inequação,,,outro,eletrica,local,NE,eletrica,local,0.0481,1,1,3
"Desligamento da LT 500 kV Ceará Mirim II / Rio do Vento – C1, conforme carta Casa dos Ventos CDV2026/O&M03, de 30 de janeiro de 2026",outro,LT 500 kV Ceará Mirim II / Rio do Vento,500.0,outro,eletrica,local,NE,eletrica,local,0.0473,2,1,4
Controle do fluxo de potência ativa na LT 230 kV Chapada I / Curral Novo do Piauí II,Controle do fluxo,Controle do fluxo de potência ativa na LT 230 kV Chapada I / Curral Novo do Piauí II,230.0,local,eletrica,local,NE,eletrica,local,0.0436,1,1,2
Controle de carregamento: LT 138 kV Jales / Votuporanga 2,Controle de inequação,LT 138 kV Jales / Votuporanga 2,138.0,local,eletrica,local,SE,eletrica,local,0.043,1,1,19
"Desarme provocado pela atuação do SEP de corte de geração de Santa Luzia II, SIPER 1677/2026",outro,,,outro,eletrica,local,NE,eletrica,local,0.0427,1,1,3
Desligamento automático SE 500 KV SJP - SIPER n° 7655-25,outro,SE 500 kV SJP - Siper n° 7655-25,500.0,outro,eletrica,local,NE,eletrica,local,0.0393,1,1,3
Controle de carregamento da LT 230 kV Fortaleza / Aquiraz (04F1) quando da perda dupla das LTs 230 kV Fortaleza / Aquiraz II (04F2 e 04F3),Controle de inequação,LT 230 kV Fortaleza / Aquiraz (04F1) quando da perda dupla das LTs 230 kV Fortaleza / Aquiraz II (04F2 e 04F3),230.0,local,confiabilidade,local,NE,confiabilidade,local,0.0377,1,1,6
Desligamento da LT LT 500 kV 05N4 Ourolândia II / Morro do Chapéu II,outro,LT LT 500 kV 05N4 Ourolândia II / Morro do Chapéu II,500.0,outro,eletrica,local,NE,eletrica,local,0.0366,1,1,3
"Controle de inequação: F(USB-SJI C2) + 0,40 F(CNP-SJI) < 1992 MW",Controle de inequação,,,outro,eletrica,local,NE,eletrica,local,0.0279,2,1,4
6.3.5. CONTROLE DE CARREGAMENTO DA TRANSFORMAÇÃO 230/138 KV DA SE JAÍBA PARA A CONTINGÊNCIA DE UM TRANSFORMADOR 230/138 KV DA SE JAÍBA,outro,Transformação 230/138 kV da SE Jaíba,230.0,outro,confiabilidade,sistemica,SE,confiabilidade,sistemica,0.0215,1,1,2
Desligamento do setor 230kV da SE Milagres,outro,SE Milagres,230.0,outro,eletrica,local,NE,eletrica,local,0.0141,2,1,10
Em atendimento às inequações do,outro,,,outro,eletrica,sistemica,SE,eletrica,sistemica,0.0138,1,1,17
Controle de inequação: CONTROLE DE CARREGAMENTO DA LT 230 KV MAURITI II / MILAGRES – C1(L3) - IO-ON.NE.2NO,Controle de inequação,LT 230 kV Mauriti II / Milagres,230.0,local,confiabilidade,local,NE,confiabilidade,local,0.0134,1,1,1
Controle de inequação: LIMITE DE FJUSC EM FUNÇÃO DA POTÊNCIA TRANSMITIDA PELOS BIPOLOS XINGU / ESTREITO E XINGU / TERMINAL RIO - IO-ON.SENE MOP 166-S/2026,Controle de inequação,Bipolos Xingu / Estreito e Xingu / Terminal Rio,,local,confiabilidade,sistemica,SE,confiabilidade,sistemica,0.0133,1,1,1
Controle de geração para o Conjunto Eólico Serra das Almas,outro,,,outro,eletrica,local,SE,eletrica,local,0.0097,1,1,4
Controle de inequação: CONTROLE DE CARREGAMENTO DA TRANSFORMAÇÃO 440/138 kV DA SE TRÊS IRMÃOS - IO-ON.SE.4SP,Controle de inequação,Transformação 440/138 kV da SE Três Irmãos,440.0,local,confiabilidade,local,SE,confiabilidade,local,0.0092,2,2,25
SIPER N° 81/2026,outro,,,outro,eletrica,sistemica,NE,eletrica,sistemica,0.0076,1,1,2
Desligamento da barra 04B2 na SE Morro do Chapéu II do Agente CROP-CHESF,outro,SE Morro do Chapéu II do Agente Crop-chesf,,outro,eletrica,sistemica,NE,eletrica,sistemica,0.0069,1,1,2
Controle de inequação: SUB BOM NOME PE - TR 230 / 138 kV BOM NOME T7 PE (04T7),Controle de inequação,Sub Bom Nome PE - TR 230 / 138 kV Bom Nome T7 PE (04T7),230.0,local,eletrica,local,NE,eletrica,local,0.0065,3,1,3
Controle de inequação: LIMITAÇÃO DA GERAÇÃO: Conjunto Fotovoltaico Janaúba + Conjunto Eólico Serra das Almas II 500kV + Conjunto Fotovoltaico Vista Alegre < 1300 MW,Controle de inequação,,500.0,outro,eletrica,sistemica,SE,eletrica,sistemica,0.006,3,1,8
Evitar sobrecarga em Jales Votuporanga na perda de um dos circuitos. Devido a indisponiblidae de Boa Hora / AGV,outro,,,outro,eletrica,local,SE,eletrica,local,0.0055,1,1,5
"Controle de carregamento: TR-9 ou TR-10 440/138/13,8 kV na SE Três Irmãos",Controle de inequação,TR -9 ou TR-10 440/138/13,,local,eletrica,local,SE,eletrica,local,0.0044,2,1,26
CONTROLE DE CARREGAMENTO DA TRANSFORMAÇÃO 230/138 KV DA SE BOM NOME - IO-ON.NE.2NO,Controle de inequação,Transformação 230/138 kV da SE Bom Nome,230.0,local,confiabilidade,local,NE,confiabilidade,local,0.0041,2,1,12
LT 230 KV Itabira 4 / Itabira 5 para contingência dupla das LT 500 KV Itabira 5 / Vespasiano 2 Controle inequacao LT 500 KV Itabira 5 / Neves 1,outro,LT 230 kV Itabira 4 / Itabira 5,230.0,outro,confiabilidade,sistemica,SE,confiabilidade,sistemica,0.0035,1,1,1
Desligamento automático da LT 230kV 04P1 Senhor Bonfim II / Folha Larga,outro,LT 230kV 04P1 Senhor Bonfim II / Folha Larga,230.0,outro,eletrica,local,NE,eletrica,local,0.0013,1,1,2
Desligamento da LT 138 kV Água Vermelha / Boa Hora C1 e C2,outro,LT 138 kV Água Vermelha / Boa Hora C1 e C2,138.0,outro,eletrica,local,SE,eletrica,local,0.001,1,1,5
Desligamento automático da SE Quixadá,outro,SE Quixadá,,outro,eletrica,local,NE,eletrica,local,0.0006,1,1,1
Desligamento automático SE 500 KV SJP - SIPER n° 7654-25,outro,SE 500 kV SJP - Siper n° 7654-25,500.0,outro,eletrica,local,NE,eletrica,local,0.0001,1,1,3
Controle do inequação: Conjunto Fotovoltaico Jaíba V = 0 MW,outro,,,outro,eletrica,local,SE,eletrica,local,0.0001,1,1,4
Controle de inequação: Conjunto Fotovoltaico Janaúba < 800 MW,Controle de inequação,,,outro,eletrica,local,SE,eletrica,local,0.0,1,1,1
Controle de inequação: LIMITAÇÃO DA GERAÇÃO: Conjunto Fotovoltaico Janaúba + Conjunto Eólico Serra das Almas II 500kV + Conjunto Fotovoltaico Vista Alegre < 1000 MW,Controle de inequação,,500.0,outro,eletrica,sistemica,SE,eletrica,sistemica,0.0,2,1,4
Desligamento automático da LT 500 kV Barreiras II / Gilbués II (05C2),outro,LT 500 kV Barreiras II / Gilbués II (05C2),500.0,outro,eletrica,local,NE,eletrica,local,0.0,1,1,1
Atuação do SEP devido ao fluxo entre as SEs Campina Grande III / Ceará Mirim II > 1100 MW,outro,fluxo entre as SEs Campina Grande III / Ceará Mirim II > 1100 MW,,outro,eletrica,local,NE,eletrica,local,0.0,2,1,2
Controle de inequação: CONTROLE DE CARREGAMENTO DO TRANSFORMADOR TR-9 440/138 KV – 300 MVA PARA CONTINGÊNCIA DO TRANSFORMADOR TR-10 440/138 KV DA SE TRÊS IRMÃOS - IO-ON.SE.4SP,Controle de inequação,Transformador TR-9 440/138 kV – 300 Mva,440.0,local,confiabilidade,local,SE,confiabilidade,local,0.0,1,1,35
Controle de inequação: Conjunto Fotovoltaico Vista Alegre < 450 MW,Controle de inequação,,,outro,eletrica,local,SE,eletrica,local,0.0,1,1,2
Conforme inequações do,outro,,,outro,eletrica,sistemica,SE,eletrica,sistemica,0.0,1,1,14
Controle de inequação: CONTROLE DE CARREGAMENTO DO TRANSFORMADOR TR-9 440/138 KV – 300 MVA PARA CONTINGÊNCIA DO TRANSFORMADOR TR-10 440/138 KV DA SE TRÊS IRMÃOS,Controle de inequação,Transformador TR-9 440/138 kV – 300 Mva,440.0,local,confiabilidade,local,SE,confiabilidade,local,0.0,1,2,19
Controle do inequação: Conjunto Fotovoltaico Jaíba 138KV = 0 MW,outro,,138.0,outro,eletrica,local,SE,eletrica,local,0.0,1,1,4
Controle de inequação: CONTROLE DE CARREGAMENTO DA LT 230 KV IRECÊ / MORRO DO CHAPÉU II – C1(S5) - IO-OC.NE.5NE,Controle de inequação,LT 230 kV Irecê / Morro do Chapéu II,230.0,local,eletrica,local,NE,eletrica,local,0.0,1,1,3
