id_ons,nom_usina,uf,fonte,vigencia,pac_nome,pac_tensao_kv,fracao_potencia,n_usinas,n_usinas_sem_pac,pot_mw,metodo,confianca,grafias,eng_gwh_2025
CJU_MAPLN,CONJ. PAULINO NEVES,MA,EOL,ativo,MIRANDA 2,500.0,1.0,15,0,426.0,ons_cadastro,alta,"SE 500 kV Miranda II | SE 500 kV Miranda II  | SE MIRANDA II 500,0 kV",315.929
CJU_BAABL,CONJ. ABIL I,BA,EOL,encerrado em 2024-10-29,PINDAI 2,230.0,1.0,5,0,90.0,ons_cadastro,alta,"SE PINDAI II 230,0 kV",0.0
CJU_BAABD,CONJ. ABIL II,BA,EOL,encerrado em 2024-10-29,IGAPORA 3,500.0,1.0,3,0,46.5,ons_cadastro,alta,"SE IGAPORA III 500,0 kV",0.0
CJU_BAALV,CONJ. ALVORADA,BA,EOL,encerrado em 2022-05-31,,,,2,2,0.0,nao_casado,,,0.0
CJU_BAARA,CONJ. ARAÇÁS,BA,EOL,ativo,IGAPORA 2 ICG,230.0,1.0,6,0,155.2,ons_cadastro,alta,SE 230 kV Igaporã II - ICG ,343.328
CJU_BAARI,CONJ. ARIZONA,BA,EOL,ativo,SOBRADINHO,500.0,1.0,7,1,214.82999999999998,ons_cadastro,alta,"SE SOBRADINHO 500,0 kV",197.88
CJU_BABAB,CONJ. BABILÔNIA,BA,EOL,ativo,MORRO DO CHAPEU 2,230.0,1.0,5,0,136.5,ons_cadastro,alta,SE 230 kV Morro do Chapéu II ,164.749
CJU_BABBS,CONJ. BABILÔNIA SUL,BA,EOL,ativo,OUROLANDIA 2,230.0,1.0,5,1,288.0,ons_cadastro,alta,SE Ourolândia II 230 kV,304.853
CJU_BABMC,CONJ. BROTAS DE MACAÚBAS,BA,EOL,ativo,BROTAS DE MACAUBAS,230.0,1.0,5,0,180.19,ons_cadastro,alta,"SE 230 kV Brotas de Macaúbas  | SE BROTAS DE MACAUBAS 230,0 kV",233.582
CJU_BABW1,CONJ. BW GUIRAPÁ I,BA,EOL,ativo,PINDAI ICG,69.0,1.0,4,0,88.6,ons_cadastro,alta,SE 69 kV Pindaí - ICG ,123.888
CJU_BABW2,CONJ. BW GUIRAPÁ II,BA,EOL,ativo,PINDAI ICG,69.0,1.0,3,0,59.2,ons_cadastro,alta,SE 69 kV Pindaí - ICG ,111.944
CJU_BACTE,CONJ. CAETITÉ,BA,EOL,ativo,PINDAI 2 ICG,69.0,1.0,3,2,30.2,ons_cadastro,alta,SE 69 kV Pindaí II - ICG,141.55
CJU_BACAE,CONJ. CAETITÉ 123,BA,EOL,ativo,,,,3,3,0.0,nao_casado,,,156.769
CJU_BACTA,CONJ. CAETITÉ A,BA,EOL,ativo,IGAPORA 2 ICG,230.0,1.0,3,0,54.400000000000006,ons_cadastro,alta,SE 230 kV Igaporã II - ICG | SE 230 kV Igaporã II - ICG ,103.888
CJU_BACFO,CONJ. CAMPO FORMOSO,BA,EOL,ativo,CAMPO FORMOSO,230.0,1.0,6,0,180.0,ons_cadastro,alta,"SE CAMPO FORMOSO 230,0 kV",199.75
CJU_BACLA,CONJ. CAMPO LARGO,BA,EOL,encerrado em 2025-03-25,OUROLANDIA 2,230.0,1.0,11,0,326.7,ons_cadastro,alta,"SE OUROLANDIA II 230,0 kV",58.782
CJU_BACLA2,CONJ. CAMPO LARGO 2,BA,EOL,encerrado em 2025-03-25,OUROLANDIA 2,230.0,1.0,11,0,361.2,ons_cadastro,alta,"SE OUROLANDIA II 230,0 kV",69.983
CJU_BACND,CONJ. CASA NOVA,BA,EOL,ativo,SOBRADINHO,230.0,1.0,4,0,115.1,ons_cadastro,alta,"SE SOBRADINHO 230,0 kV",40.547
CJU_BACRI,CONJ. CRISTAL,BA,EOL,ativo,MORRO DO CHAPEU ICG,69.0,1.0,3,0,89.69999999999999,ons_cadastro,alta,SE 69 kV Morro do Chapéu - ICG ,116.809
CJU_BACRL,CONJ. CRISTALÂNDIA,BA,EOL,ativo,BRUMADO 2,230.0,1.0,3,0,90.0,ons_cadastro,alta,"SE BRUMADO II 230,0 kV",136.975
CJU_BACVN,CONJ. CURVA DOS VENTOS,BA,EOL,ativo,IGAPORA 2,69.0,0.5,2,0,28.2,rateio_potencia,media,SE 69 kV Igaporã II,39.684
CJU_BACVN,CONJ. CURVA DOS VENTOS,BA,EOL,ativo,IGAPORA 2 ICG,69.0,0.5,2,0,28.2,rateio_potencia,media,SE 69 kV Igaporã II - ICG ,39.684
CJU_BADFN,CONJ. DELFINA,BA,EOL,ativo,JUAZEIRO 2,230.0,1.0,8,0,210.0,ons_cadastro,alta,SE 230 kV Juazeiro da Bahia II ,185.744
CJU_BAFDS,CONJ. FOLHA DE SERRA,BA,EOL,encerrado em 2024-10-29,PINDAI 2,230.0,1.0,2,0,42.0,ons_cadastro,alta,"SE PINDAI II 230,0 kV",0.0
CJU_BAFLA,CONJ. FOLHA LARGA,BA,EOL,ativo,SENHOR DO BONFIM 2,230.0,1.0,9,0,344.4,ons_cadastro,alta,"SE 230 kV Senhor do Bonfim II | SE SENHOR DO BONFIM II 230,0 kV",310.923
CJU_BAFLS,CONJ. FOLHA LARGA SUL,BA,EOL,ativo,SENHOR DO BONFIM 2,230.0,1.0,3,0,151.2,ons_cadastro,alta,"SE SENHOR DO BONFIM II 230,0 kV",161.183
CJU_BAGOI,CONJ. GENTIO DO OURO I,BA,EOL,ativo,IRECE,230.0,1.0,13,0,303.0,ons_cadastro,alta,"SE 230 kV Irecê | SE 230 kV Irecê  | SE IRECE 230,0 kV",296.019
CJU_BAGPX,CONJ. GPEXPAN,BA,EOL,ativo,PINDAI 2,230.0,1.0,15,0,189.85,ons_cadastro,alta,"SE 230 kV Pindaí II | SE PINDAI II 230,0 kV",198.591
CJU_BAGRP,CONJ. GUIRAPÁ,BA,EOL,encerrado em 2022-05-31,,,,2,2,0.0,nao_casado,,,0.0
CJU_BAIGD,CONJ. IGAPORÃ II,BA,EOL,ativo,,,,14,14,0.0,nao_casado,,,561.578
CJU_BALRA,CONJ. LARANJEIRAS,BA,EOL,ativo,GENTIO DO OURO 2,230.0,1.0,14,0,503.4,ons_cadastro,alta,"SE 230 kV Gentio do Ouro II  | SE GENTIO DO OURO II 230,0 kV",780.83
CJU_BALAL,CONJ. LICÍNIO DE ALMEIDA,BA,EOL,encerrado em 2022-05-31,,,,4,4,0.0,nao_casado,,,0.0
CJU_BAMOR,CONJ. MORRÃO,BA,EOL,ativo,IGAPORA 2 ICG,230.0,1.0,4,0,117.2,ons_cadastro,alta,SE 230 kV Igaporã II - ICG ,237.133
CJU_BAMCS,CONJ. MORRO DO CHAPÉU SUL,BA,EOL,ativo,MORRO DO CHAPEU 2,230.0,1.0,6,0,172.0,ons_cadastro,alta,"SE MORRO DO CHAPEU II 230,0 kV",216.076
CJU_BAMS2,CONJ. MORRO DO CHAPÉU SUL 2,BA,EOL,encerrado em 2022-05-22,MORRO DO CHAPEU 2,500.0,1.0,9,0,352.8,ons_cadastro,alta,"SE MORRO DO CHAPEU II 500,0 kV",0.0
CJU_BAMS2A,CONJ. MORRO DO CHAPÉU SUL II-A,BA,EOL,encerrado em 2023-02-01,MORRO DO CHAPEU 2,500.0,1.0,6,0,226.8,ons_cadastro,alta,"SE MORRO DO CHAPEU II 500,0 kV",0.0
CJU_BAMS2B,CONJ. MORRO DO CHAPÉU SUL II-B,BA,EOL,encerrado em 2023-02-01,MORRO DO CHAPEU 2,500.0,1.0,3,0,126.0,ons_cadastro,alta,"SE MORRO DO CHAPEU II 500,0 kV",0.0
CJU_BANSC,CONJ. N. S. DA CONCEIÇÃO,BA,EOL,encerrado em 2022-05-31,,,,4,4,0.0,nao_casado,,,0.0
CJU_BAPBR,CONJ. PEDRA BRANCA,BA,EOL,ativo,SOBRADINHO,230.0,1.0,8,0,247.665,ons_cadastro,alta,SE 230 KV SOBRADINHO | SE 230 kV Sobradinho ,155.953
CJU_BAPEL,CONJ. PELOURINHO,BA,EOL,ativo,PINDAI 2 ICG,69.0,1.0,2,1,21.2,ons_cadastro,alta,SE 69 kV Pindaí II - ICG,100.027
CJU_BAPNT,CONJ. PLANALTINA,BA,EOL,encerrado em 2022-05-31,,,,2,2,0.0,nao_casado,,,0.0
CJU_BAQUN,CONJ. QUINA,BA,EOL,encerrado em 2024-10-29,IGAPORA 3,500.0,1.0,7,0,108.3,ons_cadastro,alta,"SE IGAPORA III 500,0 kV",0.0
CJU_BAVSE,CONJ. SANTA EUGÊNIA,BA,EOL,ativo,GENTIO DO OURO 2,500.0,1.0,14,0,518.7,ons_cadastro,alta,"SE GENTIO DO OURO II 500 KV | SE GENTIO DO OURO II 500,0 kV | SE Gentio do Ouro II 500 kV",584.656
CJU_BASAZ,CONJ. SERRA AZUL,BA,EOL,ativo,MORRO DO CHAPEU 2,230.0,1.0,4,0,117.9,ons_cadastro,alta,SE 230 kV Morro do Chapéu II | SE 230 kV Morro do Chapéu II ,171.738
CJU_BASDB,CONJ. SERRA DA BABILÔNIA,BA,EOL,ativo,MORRO DO CHAPEU 2,230.0,1.0,14,1,361.05,ons_cadastro,alta,"SE MORRO DO CHAPEU II 230,0 kV",490.953
CJU_BATBR,CONJ. TAMBORIL I,BA,EOL,encerrado em 2024-10-29,IGAPORA 3,500.0,1.0,5,0,81.0,ons_cadastro,alta,"SE IGAPORA III 500,0 kV",0.0
CJU_BATBD,CONJ. TAMBORIL II,BA,EOL,ativo,IGAPORA 3,230.0,1.0,4,0,64.8,ons_cadastro,alta,"SE IGAPORA III 230,0 kV",111.789
CJU_BATUC,CONJ. TUCANO,BA,EOL,ativo,OLINDINA,500.0,1.0,8,0,322.4,ons_cadastro,alta,"SE OLINDINA 500,0 kV",233.979
CJU_BAUBN,CONJ. UMBURANAS,BA,EOL,ativo,OUROLANDIA 2,230.0,1.0,18,0,360.0,ons_cadastro,alta,"SE OUROLANDIA II 230,0 kV",549.991
CJU_BAVB2,CONJ. VENTOS DA BAHIA 2,BA,EOL,encerrado em 2024-01-03,MORRO DO CHAPEU 2,230.0,1.0,4,0,116.60000000000001,ons_cadastro,alta,"SE MORRO DO CHAPEU II 230,0 kV",0.0
CJU_BAVB3,CONJ. VENTOS DA BAHIA III,BA,EOL,encerrado em 2024-01-03,MORRO DO CHAPEU 2,230.0,1.0,4,0,181.5,ons_cadastro,alta,"SE MORRO DO CHAPEU II 230,0 kV",0.0
CJU_BASVT,CONJ. VENTOS DE SÃO VITOR,BA,EOL,ativo,GENTIO DO OURO 2,230.0,1.0,14,0,465.0,ons_cadastro,alta,"SE GENTIO DO OURO II 230,0 kV",497.533
CEECVA,CATAVENTOS ACARAÚ I,CE,EOL,ativo,ACARAU 2,230.0,1.0,1,0,28.0,ons_cadastro,alta,SE 230 kV Acaraú II ,1.025
CJU_CEAUD,CONJ. ACARAÚ II,CE,EOL,ativo,SOBRAL 3,230.0,1.0,2,0,70.8,ons_cadastro,alta,SE 230 kV Sobral III ,115.866
CJU_CEARD,CONJ. ARACATI II,CE,EOL,ativo,RUSSAS 2,230.0,1.0,3,0,138.5,ons_cadastro,alta,SE 230 kV Russas II | SE 230 kV Russas II ,223.357
CJU_CECBS,CONJ. CACIMBAS,CE,EOL,ativo,IBIAPINA 2,230.0,1.0,5,1,75.6,ons_cadastro,alta,"SE IBIAPINA II 230,0 kV",91.571
CJU_CEFSA,CONJ. FAÍSA,CE,EOL,ativo,PECEM 2,230.0,1.0,9,0,215.8,ons_cadastro,alta,"SE 230 kV Pecém II  | SE PECEM II 230,0 kV",276.969
CJU_CEICR,CONJ. ICARAÍ,CE,EOL,ativo,SOBRAL 3,230.0,1.0,5,3,65.1,ons_cadastro,alta,SE SOBRAL III 230kV,253.164
CJU_CEITC,CONJ. ITAREMA V,CE,EOL,ativo,ACARAU 2,230.0,1.0,9,0,207.0,ons_cadastro,alta,"SE ACARAU II 230,0 kV",335.946
CJU_CEJAN,CONJ. JANDAIA,CE,EOL,ativo,RUSSAS 2,230.0,1.0,5,0,119.0,ons_cadastro,alta,SE 230 kV Russas II ,134.081
CJU_CEPPG,CONJ. PAPAGAIOS,CE,EOL,ativo,ACARAU 2,69.0,1.0,3,0,87.0,ons_cadastro,alta,SE 69 kV Acaraú II ,160.556
CJU_CECHE,CONJ. PEDRA CHEIROSA,CE,EOL,ativo,SOBRAL 3,230.0,1.0,2,0,48.3,ons_cadastro,alta,SE Sobral III  230 kV,79.8
CJU_CEPTM,CONJ. PITOMBEIRA,CE,EOL,ativo,RUSSAS 2,230.0,1.0,5,0,98.7,ons_cadastro,alta,SE 230 kV Russas II ,154.859
CJU_CESRO,CONJ. SANTA ROSÁLIA,CE,EOL,ativo,IBIAPINA 2,69.0,1.0,5,0,141.01,ons_cadastro,alta,SE Ibiapina II 69 kV,150.672
CJU_CESTI,CONJ. SANTO INÁCIO,CE,EOL,encerrado em 2023-02-01,MOSSORO 4,230.0,1.0,6,0,172.16,ons_cadastro,alta,"SE 230 kV Mossoró IV | SE 230 kV Mossoró IV  | SE MOSSORO IV 230,0 kV | SE MOSSORÓ IV 230 KV",0.0
CJU_CESEM,CONJ. SERRA DO MATO,CE,EOL,ativo,PECEM 2,230.0,1.0,6,1,100.8,ons_cadastro,alta,"SE PECEM II 230,0 kV",187.014
CJU_CESER,CONJ. SERROTE,CE,EOL,encerrado em 2022-05-22,PECEM 2,230.0,1.0,14,1,306.6,ons_cadastro,alta,"SE PECEM II 230,0 kV",0.0
CJU_CESERA,CONJ. SERROTE A,CE,EOL,ativo,PECEM 2,230.0,1.0,8,0,205.79999999999998,ons_cadastro,alta,"SE PECEM II 230,0 kV",292.296
CJU_CETBA,CONJ. TAÍBA,CE,EOL,ativo,PECEM 2,230.0,1.0,3,0,56.7,ons_cadastro,alta,SE  Pecém II 230kV,96.698
CJU_CETRA,CONJ. TRAIRÍ,CE,EOL,ativo,PECEM 2,230.0,1.0,8,0,212.5,ons_cadastro,alta,SE 230 kV Pecém II  | SE Pecém II 230 kV,345.429
CEUCZ,ICARAIZINHO,CE,EOL,ativo,SOBRAL 3,230.0,1.0,1,0,54.6,ons_cadastro,alta,"SE SOBRAL III 230,0 kV",76.268
CEEMAU,MALHADINHA 1,CE,EOL,ativo,IBIAPINA 2,69.0,1.0,1,0,23.1,ons_cadastro,alta,"SE IBIAPINA II 69,0 kV",31.588
CEUFM,PRAIA FORMOSA,CE,EOL,ativo,SOBRAL 3,230.0,1.0,1,0,105.0,ons_cadastro,alta,"SE SOBRAL III 230,0 kV",106.243
CJU_PBCHN,CONJ. CHAFARIZ NORTE,PB,EOL,ativo,SANTA LUZIA 2,500.0,1.0,5,0,159.39,ons_cadastro,alta,"SE SANTA LUZIA II 500,0 kV",145.537
CJU_PBCHS,CONJ. CHAFARIZ SUL I,PB,EOL,ativo,SANTA LUZIA 2,500.0,1.0,5,0,142.065,ons_cadastro,alta,"SE SANTA LUZIA II 500,0 kV",138.239
CJU_PBCHSD,CONJ. CHAFARIZ SUL II,PB,EOL,ativo,SANTA LUZIA 2,500.0,1.0,5,0,169.785,ons_cadastro,alta,"SE SANTA LUZIA II 500 KV | SE SANTA LUZIA II 500,0 kV",177.56
CJU_PBCSDS,CONJ. SERRA DO SERIDÓ,PB,EOL,ativo,SANTA LUZIA 2,500.0,1.0,12,0,496.3,ons_cadastro,alta,"SE SANTA LUZIA II 500,0 kV | SE Santa Luzia II 500 kV | SE Santa Luzia II 500kV",327.972
CJU_PECE2,CONJ. CAETÉS II,PE,EOL,ativo,CAETES 2,230.0,1.0,7,0,181.9,ons_cadastro,alta,"SE CAETES II 230,0 kV",175.819
CJU_PEPAR,CONJ. PARANATAMA,PE,EOL,ativo,GARANHUNS 2,230.0,1.0,8,0,236.0,ons_cadastro,alta,"SE 230 kV Garanhuns II  | SE GARANHUNS II 230,0 kV | SE Garanhuns II 230 kV",168.231
CJU_PECLE,CONJ. SÃO CLEMENTE,PE,EOL,ativo,GARANHUNS 2,230.0,1.0,8,0,232.47,ons_cadastro,alta,SE Garanhuns II 230 kV,202.861
CJU_PETAT,CONJ. TACARATU,PE,EOL,encerrado em 2023-02-01,TACARATU,230.0,1.0,5,0,89.9,ons_cadastro,alta,"SE TACARATU 230,0 kV",0.0
CJU_PEETAT,CONJ. TACARATU (EÓLICO),PE,EOL,encerrado em 2026-02-04,TACARATU,230.0,1.0,3,0,79.9,ons_cadastro,alta,"SE TACARATU 230,0 kV",66.439
CJU_PEFVD,CONJ. TACARATU II,PE,EOL,encerrado em 2026-02-04,TACARATU,230.0,1.0,2,0,99.0,ons_cadastro,alta,"SE TACARATU 230,0 kV",40.489
CJU_PIAR3,CONJ. ARARIPE III,PI,EOL,encerrado em 2024-09-25,CURRAL NOVO DO PIAUI 2,230.0,1.0,14,0,357.9,ons_cadastro,alta,"SE CURRAL NOVO DO PIAUI II 230,0 kV | SE CURRAL NOVO DO PIAUÍ II 230 KV",0.0
CJU_PICH1,CONJ. CHAPADA I,PI,EOL,ativo,COLETORA CHAPADA I,230.0,1.0,7,0,210.0,ons_cadastro,alta,"SE COLETORA CHAPADA I 230,0 kV",190.508
CJU_PICP2,CONJ. CHAPADA II,PI,EOL,ativo,CHAPADA 2,230.0,1.0,7,0,205.1,ons_cadastro,alta,"SE CHAPADA II 230,0 kV",147.913
CJU_PICP3,CONJ. CHAPADA III,PI,EOL,ativo,CHAPADA 3,230.0,0.8825561312607946,8,0,204.4,rateio_potencia,media,"SE CHAPADA III 230,0 kV",167.863
CJU_PICP3,CONJ. CHAPADA III,PI,EOL,ativo,COLETORA CHAPADA 3,230.0,0.11744386873920552,8,0,27.2,rateio_potencia,media,"SE COLETORA CHAPADA III 230,0 kV",22.338
CJU_PICPH,CONJ. CHAPADINHA,PI,EOL,encerrado em 2024-09-25,,,,7,7,0.0,nao_casado,,,0.0
CJU_PILDB,CONJ. LAGOA DO BARRO I,PI,EOL,encerrado em 2023-02-01,SAO JOAO DO PIAUI,230.0,1.0,8,0,213.0,ons_cadastro,alta,"SE 230 kV São João do Piauí | SE 230 kV São João do Piauí  | SE SAO JOAO DO PIAUI 230,0 kV",0.0
CJU_PILB2,CONJ. LAGOA DO BARRO II,PI,EOL,encerrado em 2023-02-01,SAO JOAO DO PIAUI,230.0,1.0,2,0,82.80000000000001,ons_cadastro,alta,"SE SAO JOAO DO PIAUI 230,0 kV",0.0
CJU_PILDV,CONJ. LAGOA DOS VENTOS,PI,EOL,ativo,SAO JOAO DO PIAUI,500.0,1.0,21,0,716.55,ons_cadastro,alta,"SE SAO JOAO DO PIAUI 500,0 kV",757.53
CJU_PIOIT,CONJ. OITIS,PI,EOL,ativo,QUEIMADA NOVA 2,500.0,0.6702127659574468,12,1,346.5,rateio_potencia,media,"SE QUEIMADA NOVA II 500 KV | SE QUEIMADA NOVA II 500,0 kV",309.92
CJU_PIOIT,CONJ. OITIS,PI,EOL,ativo,QUEIMADA NOVA,500.0,0.32978723404255317,12,1,170.5,rateio_potencia,media,SE Queimada Nova 500 kV,152.5
CJU_PISBA,CONJ. SÃO BASÍLIO,PI,EOL,encerrado em 2023-02-01,CURRAL NOVO DO PIAUI 2,230.0,1.0,14,0,401.794,ons_cadastro,alta,"SE CURRAL NOVO DO PIAUI II 230,0 kV | SE Curral Novo do Piauí II 230 kV",0.0
CJU_PIVSR,CONJ. SÃO ROQUE,PI,EOL,ativo,QUEIMADA NOVA 2,500.0,1.0,17,0,795.0,ons_cadastro,alta,"SE QUEIMADA NOVA II 500,0 kV",657.695
CJU_PISR0B,CONJ. VENTOS DE SÃO ROQUE B,PI,EOL,ativo,,,,0,0,0.0,nao_casado,,,0.0
CJU_PIVDP2,CONJ. VENTOS DO PIAUÍ II,PI,EOL,encerrado em 2024-09-25,CURRAL NOVO DO PIAUI 2,230.0,1.0,5,0,211.5,ons_cadastro,alta,"SE CURRAL NOVO DO PIAUI II 230,0 kV",0.0
CJU_PIVDP3,CONJ. VENTOS DO PIAUÍ III,PI,EOL,encerrado em 2024-09-25,CURRAL NOVO DO PIAUI 2,230.0,1.0,5,0,202.4,ons_cadastro,alta,"SE CURRAL NOVO DO PIAUI II 230,0 kV",0.0
RNUAU,ALEGRIA I,RN,EOL,ativo,MACAU,69.0,1.0,1,0,51.0,ons_cadastro,alta,SE MACAU 69 KV,68.518
RNUAD,ALEGRIA II,RN,EOL,ativo,GUAMARE,69.0,1.0,1,0,100.65,ons_cadastro,alta,Guamaré 69 kV,131.185
CJU_RNAFB,CONJ. AFONSO BEZERRA,RN,EOL,ativo,ACU 2,230.0,1.0,6,0,159.6,ons_cadastro,alta,"SE ACU II 230,0 kV",289.132
CJU_RNAMZ,CONJ. AMAZONAS,RN,EOL,encerrado em 2024-10-08,MOSSORO 2,230.0,1.0,10,0,268.485,ons_cadastro,alta,"SE 230 kV Mossoró II  | SE MOSSORO II 230,0 kV",0.0
CJU_RNANE,CONJ. ANEMUS,RN,EOL,ativo,CURRAIS NOVOS 2,230.0,1.0,3,0,138.6,ons_cadastro,alta,SE CURRARIS NOVOS II 230 KV | SE Currais Novos II 230 kV,114.36
CJU_RNABR,CONJ. AREIA BRANCA,RN,EOL,ativo,MOSSORO 2,230.0,1.0,2,0,50.400000000000006,ons_cadastro,alta,SE 230 kV Mossoró II ,77.911
CJU_RNSAB,CONJ. ASA BRANCA,RN,EOL,ativo,JOAO CAMARA 3,500.0,1.0,5,0,160.0,ons_cadastro,alta,"SE JOAO CAMARA III 500,0 kV",273.473
CJU_RNAVD,CONJ. AVENTURA,RN,EOL,ativo,JOAO CAMARA 2,230.0,0.8,4,0,84.0,rateio_potencia,media,"SE JOAO CAMARA 2 230,0 kV",171.81
CJU_RNAVD,CONJ. AVENTURA,RN,EOL,ativo,JOAO CAMARA,230.0,0.2,4,0,21.0,rateio_potencia,media,"SE JOAO CAMARA 230,0 kV",42.953
CJU_RNBFJ,CONJ. BAIXA DO FEIJÃO,RN,EOL,ativo,JOAO CAMARA 3,138.0,1.0,7,0,218.7,ons_cadastro,alta,"SE JOAO CAMARA III 138,0 kV",343.625
CJU_RNBSL,CONJ. BLOCO SUL,RN,EOL,ativo,JOAO CAMARA 3,138.0,1.0,6,0,155.4,ons_cadastro,alta,SE João Câmara III  138 kV,329.628
CJU_RNBP1,CONJ. BRISA POTIGUAR I,RN,EOL,ativo,JOAO CAMARA 3,138.0,1.0,7,0,183.6,ons_cadastro,alta,"SE JOAO CAMARA III 138,0 kV | SE JOAO CAMARA III 500,0 kV",375.609
CJU_RNCPD,CONJ. CABEÇO PRETO II,RN,EOL,ativo,JOAO CAMARA 3 ICG,138.0,0.50390625,6,0,77.4,rateio_potencia,media,SE 138 kV João Câmara III - ICG ,128.216
CJU_RNCPD,CONJ. CABEÇO PRETO II,RN,EOL,ativo,JOAO CAMARA 3,138.0,0.49609374999999994,6,0,76.2,rateio_potencia,media,"SE JOAO CAMARA III 138,0 kV | SE João Câmara III 138 kV",126.228
CJU_RNCA1,CONJ. CALANGO 1,RN,EOL,ativo,LAGOA NOVA 2,69.0,1.0,2,0,60.0,ons_cadastro,alta,SE Lagoa Nova II 69kV,43.497
CJU_RNCA2,CONJ. CALANGO 2,RN,EOL,ativo,LAGOA NOVA 2,69.0,1.0,3,0,90.0,ons_cadastro,alta,SE Lagoa Nova II 69kV,52.517
CJU_RNCA3,CONJ. CALANGO 3,RN,EOL,ativo,LAGOA NOVA 2,69.0,1.0,3,0,84.0,ons_cadastro,alta,SE Lagoa Nova II 69kV,83.864
CJU_RNCDV,CONJ. CAMPO DOS VENTOS,RN,EOL,ativo,JOAO CAMARA 3,138.0,1.0,4,0,105.6,ons_cadastro,alta,"SE JOAO CAMARA III 138,0 kV",208.164
CJU_RNCAD,CONJ. CARCARÁ II,RN,EOL,encerrado em 2024-10-08,MOSSORO 2,230.0,1.0,3,0,90.0,ons_cadastro,alta,SE 230 kV Mossoró II ,0.0
CJU_RNCNB,CONJ. CARNAÚBAS,RN,EOL,ativo,TOUROS ICG,69.0,0.7467846770847739,4,0,81.0,rateio_potencia,media,SE 69 kV Touros - ICG ,198.164
CJU_RNCNB,CONJ. CARNAÚBAS,RN,EOL,ativo,TOUROS,69.0,0.2532153229152261,4,0,27.465,rateio_potencia,media,SE TOUROS 69 KV,67.192
CJU_RNCMR,CONJ. CUMARU,RN,EOL,ativo,JOAO CAMARA 3,230.0,1.0,5,0,205.8,ons_cadastro,alta,"SE JOAO CAMARA III 230,0 kV",676.398
CJU_RNCUT,CONJ. CUTIA,RN,EOL,ativo,TOUROS,230.0,1.0,13,0,312.90000000000003,ons_cadastro,alta,"SE TOUROS 230 KV | SE TOUROS 230,0 kV",610.385
CJU_RNFIG,CONJ. FILGUEIRA,RN,EOL,encerrado em 2024-10-08,MOSSORO 2,230.0,1.0,2,0,67.44999999999999,ons_cadastro,alta,"SE MOSSORO II 230,0 kV",0.0
CJU_RNGAM,CONJ. GAMELEIRA,RN,EOL,ativo,TOUROS,230.0,1.0,4,0,81.65,ons_cadastro,alta,"SE TOUROS 230,0 kV",119.095
CJU_RNJDA,CONJ. JANDAÍRA I,RN,EOL,ativo,JOAO CAMARA 3,230.0,0.6856106408706166,4,0,62.37,rateio_potencia,media,"SE JOAO CAMARA III 230,0 kV",146.518
CJU_RNJDA,CONJ. JANDAÍRA I,RN,EOL,ativo,JOAO CAMARA,230.0,0.3143893591293833,4,0,28.6,rateio_potencia,media,SE 230kV JOÃO CÂMARA,67.187
CJU_RNJER,CONJ. JERUSALÉM,RN,EOL,ativo,SECC. LT ACU 3 – JOAO CAMARA 3,500.0,0.8870967741935485,8,0,231.0,rateio_potencia,media,LT 500 KV AÇÚ III – JOÃO CÂMARA III | SECCIONAMENTO LT 500 KV AÇÚ III - JOÃO CÂMARA | SECCIONAMENTO LT 500 KV AÇÚ III – JOÃO CÂMARA | Seccionamento LT 500 kV Açú III - João Câmara,557.262
CJU_RNJER,CONJ. JERUSALÉM,RN,EOL,ativo,MONTE VERDE,500.0,0.11290322580645162,8,0,29.4,rateio_potencia,media,"SE MONTE VERDE 500,0 kV",70.924
CJU_RNMAC,CONJ. MACACOS,RN,EOL,ativo,JOAO CAMARA 3 ICG,138.0,1.0,4,0,78.2,ons_cadastro,alta,SE 138 kV João Câmara III - ICG ,133.029
CJU_RNMSC,CONJ. MANGUE SECO,RN,EOL,ativo,POLO,138.0,1.0,4,0,104.0,ons_cadastro,alta,SE 138 kV Pólo ,176.985
CJU_RNMOD,CONJ. MODELO,RN,EOL,ativo,JOAO CAMARA 2,69.0,1.0,2,0,56.3,ons_cadastro,alta,SE 69 kV João Câmara II ,107.189
CJU_RNMNR,CONJ. MONTE DO RONCA,RN,EOL,ativo,JOAO CAMARA 3,230.0,1.0,4,2,159.39,ons_cadastro,alta,SE JOÃO CAMARA III 230 KV | SE JOÃO CÂMARA III 230 KV,492.882
CJU_RNEMVD,CONJ. MONTE VERDE,RN,EOL,ativo,SECC. LT ACU 3 – JOAO CAMARA 3,500.0,0.5165884447321573,16,0,319.2,rateio_potencia,media,SECCIONAMENTO LT 500 KV AÇU III - JOÃO CÂMARA | SECCIONAMENTO LT 500 KV AÇÚ III - JOÃO CÂMARA | Seccionamento LT 500 kV Açú III - João Câmara,396.301
CJU_RNEMVD,CONJ. MONTE VERDE,RN,EOL,ativo,MONTE VERDE,500.0,0.4834115552678427,16,0,298.7,rateio_potencia,media,"SE MONTE VERDE 500 KV | SE MONTE VERDE 500,0 kV",370.849
CJU_RNMVD,CONJ. MORRO DOS VENTOS,RN,EOL,ativo,JOAO CAMARA 2,69.0,1.0,6,1,172.8,ons_cadastro,alta,"SE JOAO CAMARA 2 69,0 kV",301.559
CJU_RNMVT,CONJ. MORRO DOS VENTOS II,RN,EOL,ativo,JOAO CAMARA 3 ICG,138.0,0.6729475100942127,3,0,60.0,rateio_potencia,media,SE 138 kV João Câmara III - ICG ,108.74
CJU_RNMVT,CONJ. MORRO DOS VENTOS II,RN,EOL,ativo,JOAO CAMARA 3,138.0,0.32705248990578734,3,0,29.16,rateio_potencia,media,SE João Câmara III  138 kV,52.848
CJU_RNODA,CONJ. OLHO D'ÁGUA,RN,EOL,ativo,JOAO CAMARA 3 ICG,138.0,0.7872340425531915,4,0,74.0,rateio_potencia,media,SE 138 kV João Câmara III - ICG | SE 138 kV João Câmara III - ICG ,183.983
CJU_RNODA,CONJ. OLHO D'ÁGUA,RN,EOL,ativo,JOAO CAMARA 3,138.0,0.2127659574468085,4,0,20.0,rateio_potencia,media,"SE JOAO CAMARA III 138,0 kV",49.725
CJU_RNREN,CONJ. RENASCENÇA,RN,EOL,ativo,JOAO CAMARA 3,138.0,1.0,5,0,150.0,ons_cadastro,alta,"SE JOAO CAMARA III 138,0 kV",300.002
CJU_RNREV,CONJ. RENASCENÇA V,RN,EOL,ativo,JOAO CAMARA 3,138.0,1.0,2,0,60.0,ons_cadastro,alta,"SE JOAO CAMARA III 138,0 kV",148.653
CJU_RNRIA,CONJ. RIACHÃO,RN,EOL,ativo,EXTREMOZ 2,230.0,1.0,5,0,145.8,ons_cadastro,alta,SE 230 kV Extremoz II,232.855
CJU_RNRDV,CONJ. RIO DO VENTO,RN,EOL,ativo,CEARA MIRIM 2,500.0,1.0,8,0,504.0,ons_cadastro,alta,"SE CEARA MIRIM 2 500,0 kV",1021.151
CJU_RNRVE,CONJ. RIO DO VENTO EXPANSÃO,RN,EOL,ativo,CEARA MIRIM 2,500.0,1.0,8,0,534.2,ons_cadastro,alta,"SE CEARA MIRIM 2 500,0 kV | SE Ceará Mirim II 500 kV",910.928
CJU_RNSTC,CONJ. SANTA CLARA,RN,EOL,ativo,JOAO CAMARA 2,69.0,1.0,7,0,188.0,ons_cadastro,alta,SE João Câmara II  69 kV,369.693
CJU_RNSMN,CONJ. SANTA ROSA MUNDO NOVO,RN,EOL,ativo,PARAISO,138.0,1.0,5,0,155.4,ons_cadastro,alta,"SE PARAISO 138,0 kV",125.655
CJU_RNSMG,CONJ. SÃO MIGUEL,RN,EOL,ativo,JOAO CAMARA 2,230.0,1.0,2,0,60.3,ons_cadastro,alta,SE 230 kV João Câmara II ,123.873
CJU_RNSS2,CONJ. SERRA DE SANTANA 1 E 2,RN,EOL,encerrado em 2025-09-09,LAGOA NOVA 2,69.0,0.7959183673469388,4,0,78.0,rateio_potencia,media,"SE LAGOA NOVA II 69,0 kV",10.001
CJU_RNSS2,CONJ. SERRA DE SANTANA 1 E 2,RN,EOL,encerrado em 2025-09-09,LAGOA NOVA,69.0,0.20408163265306123,4,0,20.0,rateio_potencia,media,SE 69 kV Lagoa Nova ,2.564
CJU_RNSS3,CONJ. SERRA DE SANTANA 3,RN,EOL,encerrado em 2025-09-09,LAGOA NOVA 2 ICG,69.0,0.5454545454545454,5,1,48.0,rateio_potencia,media,SE 69 kV Lagoa Nova II - ICG | SE 69 kV Lagoa Nova II - ICG ,7.316
CJU_RNSS3,CONJ. SERRA DE SANTANA 3,RN,EOL,encerrado em 2025-09-09,LAGOA NOVA 2,69.0,0.45454545454545453,5,1,40.0,rateio_potencia,media,"SE LAGOA NOVA II 69 KV | SE LAGOA NOVA II 69,0 kV",6.097
CJU_RNSDMA,CONJ. SERRA DO MEL A,RN,EOL,encerrado em 2025-07-22,ACU 3,500.0,1.0,11,0,375.32,ons_cadastro,alta,"SE 500 kV Açu III | SE ACU III 500,0 kV",155.995
CJU_RNSDMB,CONJ. SERRA DO MEL B,RN,EOL,encerrado em 2025-07-08,ACU 3,500.0,1.0,8,0,273.0,ons_cadastro,alta,SE 500 kV Açu III | SE 500 kV Açu III ,83.851
CJU_RNSM2A,CONJ. SERRA DO MEL II A,RN,EOL,encerrado em 2025-07-22,ACU 3,500.0,1.0,4,0,211.365,ons_cadastro,alta,"SE ACU III 500,0 kV",77.302
CJU_RNSM2B,CONJ. SERRA DO MEL II B,RN,EOL,encerrado em 2025-07-08,ACU 3,500.0,1.0,6,0,205.79999999999998,ons_cadastro,alta,"SE ACU III 500,0 kV",59.262
CJU_RNTSN,CONJ. TERRA SANTA,RN,EOL,ativo,JOAO CAMARA 2,230.0,1.0,2,0,92.3,ons_cadastro,alta,"SE JOAO CAMARA 2 230,0 kV",183.758
CJU_RNUVT,CONJ. UNIÃO DOS VENTOS,RN,EOL,ativo,JOAO CAMARA 2,230.0,1.0,13,0,236.2,ons_cadastro,alta,"SE 230 kV João Câmara II  | SE JOAO CAMARA 2 230,0 kV",509.113
RNUES3,MIASSABA 3,RN,EOL,ativo,ACU 2,230.0,1.0,1,0,68.47,ons_cadastro,alta,SE Açu II 230 kV,121.091
RNUERU,REI DOS VENTOS 1,RN,EOL,ativo,ACU 2,230.0,1.0,1,0,58.45,ons_cadastro,alta,SE Açu II 230 kV,103.436
RNUERT,REI DOS VENTOS 3,RN,EOL,ativo,ACU 2,230.0,1.0,1,0,60.12,ons_cadastro,alta,SE Açu II 230 kV,116.545
CJU_RSACA,CONJ. ATLÂNTICA,RS,EOL,ativo,OSORIO 2,230.0,1.0,4,0,120.0,ons_cadastro,alta,SE 230 kV Osório 2 ,39.763
CJU_RSCCH,CONJ. CERRO CHATO,RS,EOL,ativo,CERRO CHATO,230.0,0.7513812154696132,11,0,163.2,rateio_potencia,media,"SE CERRO CHATO 230,0 kV",26.088
CJU_RSCCH,CONJ. CERRO CHATO,RS,EOL,ativo,LIVRAMENTO 2,230.0,0.24861878453038674,11,0,54.0,rateio_potencia,media,SE 230 kV Livramento 2,8.632
CJU_RSLBA,CONJ. LAGOA DOS BARROS,RS,EOL,ativo,OSORIO 3,230.0,1.0,9,0,317.9,ons_cadastro,alta,SE Osório 3 230 kV,68.577
CJU_RSMRO2,CONJ. MARMELEIRO 2,RS,EOL,ativo,MARMELEIRO 2,525.0,1.0,12,0,268.0,ons_cadastro,alta,"SE MARMELEIRO 2 525,0 kV",138.521
CJU_RSQ138,CONJ. QUINTA 138 KV,RS,EOL,ativo,QUINTA,138.0,1.0,4,0,108.0,ons_cadastro,alta,"SE QUINTA 138,0 kV",28.381
CJU_RSQ69,CONJ. QUINTA 69 KV,RS,EOL,ativo,QUINTA,69.0,1.0,3,0,64.0,ons_cadastro,alta,SE 69 kV Quinta ,21.573
CJU_RSSVPA,CONJ. SANTA VITÓRIA DO PALMAR,RS,EOL,ativo,SANTA VITORIA DO PALMAR 2,525.0,1.0,28,0,582.71,ons_cadastro,alta,"SE SANTA VITORIA DO PALMAR 2 525,0 kV | SE Santa Vitória do Palmar 2 525 kV",298.304
CJU_RSVIA3,CONJ. VIAMÃO 3,RS,EOL,ativo,VIAMAO 3,230.0,1.0,3,0,59.8,ons_cadastro,alta,SE 230 kV Viamão 3,16.091
RSUECI,ELEBRÁS CIDREIRA 1,RS,EOL,ativo,OSORIO 2,69.0,1.0,1,0,70.0,ons_cadastro,alta,SE 69 kV Osório 2 ,15.25
RSUEXG,XANGRI-LÁ,RS,EOL,ativo,ATLANTIDA 2,69.0,1.0,1,0,31.7,ons_cadastro,alta,SE 69 kV Atlântida 2,9.133
CJU_SCCEAD,CONJ. ÁGUA DOCE,SC,EOL,ativo,AQUIBATA,138.0,1.0,6,0,129.0,ons_cadastro,alta,SE 138 kV Aquibatã ,38.004
CJU_SCCEBJ,CONJ. BOM JARDIM,SC,EOL,ativo,BOM JARDIM DA SERRA,138.0,1.0,4,0,93.0,ons_cadastro,alta,SE 138 kV Bom Jardim da Serra ,20.351
CJU_BAEMS2,CONJ. MORRO DO CHAPÉU SUL II,BA,EOL,ativo,MORRO DO CHAPEU 2,500.0,1.0,9,0,352.8,ons_cadastro,alta,"SE MORRO DO CHAPEU II 500,0 kV",474.072
CJU_CEESTI,CONJ. SANTO INÁCIO,CE,EOL,ativo,MOSSORO 4,230.0,1.0,5,0,170.1,ons_cadastro,alta,"SE 230 kV Mossoró IV | SE 230 kV Mossoró IV  | SE MOSSORO IV 230,0 kV",243.563
CJU_PILBI,CONJ. LAGOA DO BARRO I,PI,EOL,ativo,SAO JOAO DO PIAUI,230.0,1.0,10,0,295.8,ons_cadastro,alta,"SE 230 kV São João do Piauí | SE 230 kV São João do Piauí  | SE SAO JOAO DO PIAUI 230,0 kV",240.265
CJU_PISBAE,CONJ. SÃO BASÍLIO (EÓLICO),PI,EOL,ativo,CURRAL NOVO DO PIAUI 2,230.0,1.0,7,0,188.7,ons_cadastro,alta,"SE CURRAL NOVO DO PIAUI II 230,0 kV",138.93
CJU_RNSAG,CONJ. SANTO AGOSTINHO,RN,EOL,ativo,MONTE VERDE,500.0,1.0,14,0,434.0,ons_cadastro,alta,"SE MONTE VERDE 500 KV | SE MONTE VERDE 500,0 kV | SE Monte Verde 500 kV",855.594
CJU_BATQN,CONJ. TANQUE NOVO,BA,EOL,ativo,IGAPORA 3,230.0,1.0,7,0,180.0,ons_cadastro,alta,"SE IGAPORA III 230,0 kV",294.654
CJU_RNACA,CONJ. ACAUÃ,RN,EOL,ativo,LAGOA NOVA 2,230.0,1.0,4,0,109.2,ons_cadastro,alta,"SE 230 kV Lagoa Nova 2  | SE LAGOA NOVA II 230,0 kV",107.231
CJU_RNCAJ1,CONJ. CAJU,RN,EOL,ativo,ACU 3,500.0,1.0,21,0,803.8,ons_cadastro,alta,"SE ACU III 500,0 kV | SE Açu III 500 kV",1057.563
CJU_BACAN,CONJ. CANUDOS I,BA,EOL,ativo,SECC. LT OLINDINA – PAULO AFONSO 4,500.0,1.0,2,1,49.7,ons_cadastro,alta,SEC LT 500 KV PAULO AFONSO IV – OLINDINA,73.535
CJU_RNJDT,CONJ. JANDAÍRA III,RN,EOL,ativo,SECC. LT JOAO CAMARA 3 – MONTE VERDE,500.0,1.0,2,0,63.0,ons_cadastro,alta,SECC LT 500 KV MONTE VERDE – JOÃO CÂMARA III | SECC. LT 500 KV JOÃO CÂMARA III – MONTE VERDE,170.467
BACLAX,CONJ. CAMPO LARGO,BA,EOL,encerrado em 2024-11-05,OUROLANDIA 2,230.0,1.0,11,0,326.7,ons_cadastro,alta,"SE OUROLANDIA II 230,0 kV",0.0
BACLA2X,CONJ. CAMPO LARGO 2,BA,EOL,encerrado em 2024-11-05,OUROLANDIA 2,230.0,1.0,11,0,361.2,ons_cadastro,alta,"SE OUROLANDIA II 230,0 kV",0.0
CJU_BAOUR,CONJ. OUROLÂNDIA II,BA,EOL,ativo,OUROLANDIA 2,500.0,1.0,12,0,541.8,ons_cadastro,alta,"SE OUROLANDIA II 500,0 kV | SE Ourolândia II 500 kV",520.023
CJU_RNCSER,CONJ. OESTE SERIDÓ,RN,EOL,ativo,SANTA LUZIA 2,500.0,1.0,10,0,247.5,ons_cadastro,alta,"SE SANTA LUZIA II 500,0 kV",203.862
CJU_BAVBA,CONJ. VENTOS DA BAHIA,BA,EOL,ativo,MORRO DO CHAPEU 2,230.0,1.0,8,0,298.1,ons_cadastro,alta,"SE MORRO DO CHAPEU II 230,0 kV",262.497
CJU_RNUMR,CONJ. EÓLICO UMARI,RN,EOL,ativo,SECC. LT CAMPINA GRANDE 3 – EXTREMOZ,230.0,1.0,4,3,45.0,ons_cadastro,alta,Sec. LT 230 kV Campina Grande III – Extremoz,203.909
CJU_RNMNV,CONJ. MUNDO NOVO,RN,EOL,ativo,TOUROS,230.0,1.0,3,0,103.5,ons_cadastro,alta,SE Touros 230 kV,203.104
CJU_BANHZ,CONJ. NOVO HORIZONTE,BA,EOL,ativo,SOL DO SERTAO,500.0,1.0,10,0,426.0,ons_cadastro,alta,"SE SOL DO SERTAO 500,0 kV | SE SOL DO SERTÃO 500 kV",799.322
CJU_BACTN,CONJ. CAETITÉ NORTE,BA,EOL,ativo,IGAPORA 3,230.0,1.0,5,0,193.2,ons_cadastro,alta,"SE IGAPORA III 230,0 kV",426.692
CJU_RSCNG,CONJ. LIVRAMENTO 3,RS,EOL,ativo,LIVRAMENTO 3,230.0,1.0,3,0,302.4,ons_cadastro,alta,SE Livramento 3 230 kV,62.483
CJU_BASAR,CONJ. EOLICO SERRA DO ASSURUA,BA,EOL,ativo,GENTIO DO OURO 2,230.0,1.0,24,0,846.0,ons_cadastro,alta,"SE GENTIO DO OURO II 230 KV | SE GENTIO DO OURO II 230,0 kV",889.148
CJU_PI4ECNP,CONJUNTO EÓLICO CURRAL NOVO DO PIAUI II 230KV,PI,EOL,ativo,CURRAL NOVO DO PIAUI 2,230.0,1.0,31,7,771.8,ons_cadastro,alta,"SE CURRAL NOVO DO PIAUI II 230,0 kV | SE CURRAL NOVO DO PIAUÍ II 230 KV",733.997
CJU_BA5EIGT,CONJ. EÓLICO IGAPORÃ III 500KV,BA,EOL,ativo,IGAPORA 3,500.0,1.0,15,0,235.8,ons_cadastro,alta,"SE IGAPORA III 500,0 kV",401.96
CJU_BA4EPND,CONJ. EÓLICO PINDAÍ II 230KV,BA,EOL,ativo,PINDAI 2,230.0,1.0,7,0,132.0,ons_cadastro,alta,"SE PINDAI II 230,0 kV",214.28
CJU_PIARP,CONJUNTO EÓLICO CURRAL NOVO DO PIAUI II 500KV,PI,EOL,ativo,CURRAL NOVO DO PIAUI 2,500.0,1.0,10,1,410.40000000000003,ons_cadastro,alta,SE Curral Novo do Piauí II 500 kv,234.708
CJU_RN4EMSD,CONJ. EÓLICO MOSSORÓ II 230KV,RN,EOL,ativo,MOSSORO 2,230.0,1.0,15,0,425.935,ons_cadastro,alta,"SE 230 kV Mossoró II  | SE MOSSORO II 230,0 kV",707.531
BA4ECLA,CONJ. EÓLICO CAMPO LARGO,BA,EOL,ativo,,,,0,0,0.0,nao_casado,,,0.0
CJU_BABBC,CONJUNTO EÓLICO BABILONIA CENTRO,BA,EOL,ativo,OUROLANDIA 2,500.0,1.0,8,0,554.9,ons_cadastro,alta,SE Ourolândia II 500 kV,443.148
CJU_CEKW2W,CONJUNTO EÓLICO KAIROS,CE,EOL,ativo,MOSSORO 4,230.0,1.0,3,0,112.5,ons_cadastro,alta,"SE MOSSORO IV 230,0 kV | SE Mossoró IV 230kV",131.457
CJU_BAE4CLA,CONJ. CAMPO LARGO,BA,EOL,ativo,OUROLANDIA 2,230.0,1.0,22,0,687.9,ons_cadastro,alta,"SE OUROLANDIA II 230,0 kV",573.015
CJU_BASDA1,CONJ. SERRA DAS ALMAS II 500 KV,BA,EOL,ativo,SERRA DAS ALMAS 2,500.0,0.6551724137931034,6,0,171.0,rateio_potencia,media,"SE SERRA DAS ALMAS II 500,0 kV",43.728
CJU_BASDA1,CONJ. SERRA DAS ALMAS II 500 KV,BA,EOL,ativo,SECC. LT IGAPORA 3 – JANAUBA 3,500.0,0.3448275862068966,6,0,90.0,rateio_potencia,media,SEC. LT 500 KV IGAPORÃ III - JANAÚBA 3,23.015
CJU_RN5ESMA,CONJ. SERRA DO MEL A,RN,EOL,ativo,ACU 3,500.0,1.0,15,0,586.685,ons_cadastro,alta,"SE 500 kV Açu III | SE ACU III 500,0 kV",757.68
CJU_RN5ESMB,CONJ. SERRA DO MEL B,RN,EOL,ativo,ACU 3,500.0,1.0,14,0,478.79999999999995,ons_cadastro,alta,"SE 500 kV Açu III | SE 500 kV Açu III  | SE ACU III 500,0 kV",664.824
CJU_RN2ESSA,CONJ. SERRA DE SANTANA,RN,EOL,ativo,LAGOA NOVA 2,69.0,0.6344086021505376,9,1,118.0,rateio_potencia,media,"SE LAGOA NOVA II 69 KV | SE LAGOA NOVA II 69,0 kV",46.106
CJU_RN2ESSA,CONJ. SERRA DE SANTANA,RN,EOL,ativo,LAGOA NOVA 2 ICG,69.0,0.25806451612903225,9,1,48.0,rateio_potencia,media,SE 69 kV Lagoa Nova II - ICG | SE 69 kV Lagoa Nova II - ICG ,18.755
CJU_RN2ESSA,CONJ. SERRA DE SANTANA,RN,EOL,ativo,LAGOA NOVA,69.0,0.10752688172043011,9,1,20.0,rateio_potencia,media,SE 69 kV Lagoa Nova ,7.815
CJU_RN5ETGS,CONJ. SERRA DO TIGRE,RN,EOL,ativo,SANTA LUZIA 2,500.0,1.0,12,0,765.0,ons_cadastro,alta,"SE SANTA LUZIA II 500,0 kV | SE Santa Luzia II 500 kv",191.181
CJU_PE4ETAT,CONJ. TACARATU 230KV,PE,EOL,ativo,TACARATU,230.0,1.0,5,0,178.9,ons_cadastro,alta,"SE TACARATU 230,0 kV",48.957
CJU_BABJL,CONJ. BJL,BA,UFV,ativo,BOM JESUS DA LAPA,69.0,1.0,2,0,40.0,ons_cadastro,alta,SE Bom Jesus da Lapa 69 kV ,76.013
CJU_BABJU,CONJ. BOM JESUS,BA,UFV,ativo,BOM JESUS DA LAPA,69.0,1.0,2,0,60.0,ons_cadastro,alta,"SE BOM JESUS DA LAPA 69,0 kV",85.478
CJU_BAFFUT,CONJ. FUTURA,BA,UFV,ativo,SECC. LT JUAZEIRO 3 – SOBRADINHO,500.0,1.0,22,0,692.4350000000001,ons_cadastro,alta,SECC LT SOBRADINHO/JUAZEIRO DA BAHIA III C1 | SECC. LT 500 KV U. SOBRADINHO - JUAZEIRO III | SECCIONAMENTO C1 DA LT 500 KV SOBRADINHO –JUA | SECCIONAMENTO DA LT 500 KV SOBRADINHO – JUAZE | SECCIONAMENTO LT 500 KV U. SOBRADINHO- JUAZEI | SECCIONAMENTO LT 500 KV U.SOBRADINHO / JUAZEI,590.255
CJU_BAHZT,CONJ. HORIZONTE,BA,UFV,ativo,TABOCAS DO BREJO VELHO,230.0,1.0,3,0,79.8,ons_cadastro,alta,"SE TABOCAS DO BREJO VELHO 230,0 kV",145.756
CJU_BATBV,CONJ. ITUVERAVA,BA,UFV,ativo,TABOCAS DO BREJO VELHO,230.0,1.0,7,0,196.0,ons_cadastro,alta,"SE TABOCAS DO BREJO VELHO 230,0 kV",344.912
CJU_BAJZS,CONJ. JUAZEIRO SOLAR,BA,UFV,encerrado em 2025-10-21,JUAZEIRO 2,230.0,1.0,4,0,120.0,ons_cadastro,alta,SE 230 kV Juazeiro da Bahia II ,43.573
CJU_BAJZS2,CONJ. JUAZEIRO SOLAR 2,BA,UFV,encerrado em 2025-10-21,JUAZEIRO 2,230.0,1.0,4,0,157.07,ons_cadastro,alta,SE JUAZEIRO DA BAHIA II 230 KV,68.227
CJU_BALAP,CONJ. LAPA,BA,UFV,ativo,BOM JESUS DA LAPA,230.0,1.0,2,0,60.0,ons_cadastro,alta,"SE BOM JESUS DA LAPA 230,0 kV",78.01
CJU_BASPD,CONJ. SÃO PEDRO,BA,UFV,ativo,BOM JESUS DA LAPA,69.0,1.0,2,0,54.0,ons_cadastro,alta,SE 69 kV Bom Jesus da Lapa ,87.756
CJU_BASSB,CONJ. SERTÃO SOLAR BARREIRAS,BA,UFV,ativo,BARREIRAS,69.0,1.0,4,0,94.64,ons_cadastro,alta,"SE BARREIRAS 69,0 kV",127.798
CJU_BASSD,CONJ. SOL DO SERTÃO,BA,UFV,ativo,SECC. LT BOM JESUS DA LAPA 2 – GENTIO DO OURO 2,500.0,1.0,8,1,387.784,ons_cadastro,alta,SEC LT 500 KV BOM JESUS DA LAPA II – GENTIO D | SEC. LT 500 KV BOM JESUS DA LAPA II - GENTIO | SECC LT DE 500 KV BOM JESUS DA LAPA II – GENT | SECC LT DE 500 KV BOM JESUS DA LAPA II – GENTIO DO OURO II,701.892
CJU_CEUFAL,CONJ. ALEX,CE,UFV,ativo,SECC. LT BANABUIU – MOSSORO 2,230.0,1.0,9,0,278.397,ons_cadastro,alta,SE SECC. LT 230 KV BANABUIÚ- MOSSORÓ II,168.571
CJU_CEPTN,CONJ. BANABUIU,CE,UFV,ativo,BANABUIU 230,69.0,0.8695652173913043,8,0,200.0,rateio_potencia,media,SE Banabuiú 230/69 kV,182.561
CJU_CEPTN,CONJ. BANABUIU,CE,UFV,ativo,BANABUIU,230.0,0.13043478260869565,8,0,30.0,rateio_potencia,media,"SE BANABUIU 230,0 kV",27.384
CJU_CECAL,CONJ. CALCÁRIO,CE,UFV,ativo,QUIXERE,230.0,1.0,4,0,132.0,ons_cadastro,alta,SE 230 kV Quixeré ,107.443
CJU_CEAB2,CONJ. FOTOVOLTAICO ABAIARA 230 KV,CE,UFV,ativo,SECC. LT BOM NOME – MILAGRES,230.0,1.0,5,0,163.70000000000002,ons_cadastro,alta,SECC. LT 230 KV MILAGRES – BOM NOME C2,152.733
CJU_CELAV,CONJ. LAVRAS,CE,UFV,ativo,CAUIPE,230.0,1.0,8,0,201.0,ons_cadastro,alta,"SE CAUIPE 230,0 kV",227.985
CJU_CEFSEM,CONJ. SERRA DO MATO,CE,UFV,ativo,PECEM 2,230.0,1.0,2,0,101.49000000000001,ons_cadastro,alta,SE 230 KV PECÉM II,97.988
CJU_CESDF,CONJ. SOL DO FUTURO,CE,UFV,ativo,AQUIRAZ 2,69.0,1.0,3,0,81.0,ons_cadastro,alta,SE Aquiraz II 69 kV ,53.382
CEFFDM,FLOR DE MANDACARU,CE,UFV,ativo,MOSSORO 4,230.0,1.0,1,0,2.06,ons_cadastro,alta,SE MOSSORÓ IV 230 KV,0.44
CEUPTM,PITOMBEIRA,CE,UFV,ativo,RUSSAS 2,230.0,1.0,1,0,47.25,ons_cadastro,alta,"SE RUSSAS II 230,0 kV",71.965
CJU_PBLZA,CONJ. LUZIA,PB,UFV,ativo,SANTA LUZIA 2,500.0,1.0,2,0,117.864,ons_cadastro,alta,"SE SANTA LUZIA II 500 KV | SE SANTA LUZIA II 500,0 kV",68.418
CJU_PBRAL,CONJ. RIO ALTO,PB,UFV,ativo,COREMAS,230.0,1.0,8,0,216.0,ons_cadastro,alta,"SE COREMAS 230,0 kV | SE Coremas 230 kV",159.735
CJU_PBSLDF5,CONJUNTO FOTOVOLTAICO SANTA LUZIA II 500KV,PB,UFV,ativo,SANTA LUZIA 2,500.0,1.0,16,0,800.0,ons_cadastro,alta,SE Santa Luzia II 500 kV,120.136
CJU_PEBELM,CONJ. BELMONTE,PE,UFV,ativo,BOM NOME,230.0,1.0,10,0,455.0,ons_cadastro,alta,"SE BOM NOME 230,0 kV | SE BOM NOME 230kV",503.99
CJU_PEBRI,CONJ. BRÍGIDA,PE,UFV,ativo,BOM NOME,138.0,1.0,4,0,163.0,ons_cadastro,alta,"SE BOM NOME 138,0 kV",169.805
CJU_PECIR,CONJ. CIRANDA,PE,UFV,ativo,BOM NOME,230.0,1.0,6,0,244.5,ons_cadastro,alta,"SE BOM NOME 230,0 kV | SE Bom Nome 230 kV",282.654
CJU_PEFTAT,CONJ. TACARATU (SOLAR),PE,UFV,ativo,TACARATU,230.0,1.0,2,0,10.0,ons_cadastro,alta,"SE TACARATU 230,0 kV",11.386
CJU_PISJP,CONJ. FV SJP,PI,UFV,ativo,SAO JOAO DO PIAUI,500.0,1.0,6,0,186.05,ons_cadastro,alta,"SE SAO JOAO DO PIAUI 500,0 kV",161.442
CJU_PIFMRG,CONJ. MARANGATU,PI,UFV,ativo,SECC. LT IBIAPINA 2 – PIRIPIRI,230.0,1.0,12,0,360.0,ons_cadastro,alta,Seccionamento LT 230 kV Ibiapina II – Piripir,426.335
CJU_PINVO,CONJ. NOVA OLINDA,PI,UFV,ativo,SAO JOAO DO PIAUI,500.0,1.0,7,0,210.0,ons_cadastro,alta,"SE SAO JOAO DO PIAUI 500,0 kV",162.27
CJU_PIFSBA,CONJ. SÃO BASÍLIO (SOLAR),PI,UFV,ativo,CURRAL NOVO DO PIAUI 2,230.0,1.0,7,0,213.094,ons_cadastro,alta,SE Curral Novo do Piauí II 230 kV,162.732
CJU_PISGO,CONJ. SÃO GONÇALO,PI,UFV,encerrado em 2024-09-05,GILBUES 2,500.0,1.0,13,0,574.8,ons_cadastro,alta,SE 500 kV Gilbués II | SE 500 kV Gilbués II ,0.0
CJU_PISGOA,CONJ. SÃO GONÇALO A,PI,UFV,encerrado em 2024-09-05,GILBUES 2,500.0,1.0,5,2,129.096,ons_cadastro,alta,"SE GILBUES II 500,0 kV",0.0
PISDP1,SOL DO PIAUÍ,PI,UFV,ativo,CURRAL NOVO DO PIAUI 2,230.0,1.0,1,0,48.118,ons_cadastro,alta,SE Curral Novo do Piauí II 230 kV,61.41
RNFVAE,ASSÚ V,RN,UFV,ativo,ACU 2,138.0,1.0,1,0,34.0,ons_cadastro,alta,"SE ACU II 138,0 kV",36.656
CJU_RNFLO,CONJ. FLORESTA,RN,UFV,ativo,MOSSORO 2,230.0,1.0,3,0,86.0,ons_cadastro,alta,"SE MOSSORO II 230,0 kV",81.991
CJU_RNMEND,CONJ. FOTOV. ACU III 230KV,RN,UFV,ativo,ACU 3,230.0,1.0,13,6,242.57,ons_cadastro,alta,SE Açu III 230 kV,446.165
CJU_RNMVS,CONJ. MONTE VERDE SOLAR,RN,UFV,ativo,MONTE VERDE,500.0,1.0,5,0,212.355,ons_cadastro,alta,SE MONTE VERDE 500 KV,243.572
CJU_RNSDMC,CONJ. SERRA DO MEL C,RN,UFV,ativo,ACU 3,500.0,1.0,6,0,433.062,ons_cadastro,alta,"SE ACU III 500,0 kV | SE Açu III 500 kV",441.887
CJU_MGARX,CONJ. ARAXÁ,MG,UFV,ativo,SECC. LD ARAXA 2 – JAGUARA,138.0,1.0,2,0,90.0,ons_cadastro,alta,SECC. LD 138 KV ARAXÁ 2 - JAGUARA,84.068
CJU_MGARN,CONJ. ARINOS 2 500 KV,MG,UFV,ativo,ARINOS 2,500.0,1.0,25,0,1192.536,ons_cadastro,alta,SE 500 KV ARINOS 2 | SE Arinos 2 500 kV | SE Arinos II 500 kV,1079.972
CJU_MGBST1,CONJ. BOA SORTE,MG,UFV,encerrado em 2026-08-31,PARACATU 4,138.0,1.0,8,0,352.8,ons_cadastro,alta,"SE PARACATU 4 138,0 kV",374.333
CJU_MGFSA,CONJ. FRANCISCO SÁ,MG,UFV,ativo,SECC. LD JANAUBA 3 – MONTES CLAROS 2,138.0,1.0,3,0,99.0,ons_cadastro,alta,SECCIONAMENTO DA LD 138 KV JANAÚBA 3 - MONTES,87.84
CJU_MGVZPQ,CONJ. HELIO VALGAS,MG,UFV,ativo,SECC. LT P – VARZEA DA PALMA 1,345.0,1.0,10,0,500.0,ons_cadastro,alta,SECCIONAMENTO LT 345 KV VÁRZEA DA PALMA 1 – P | Seccionamento LT 345 kV Várzea da Palma 1 – P,538.06
CJU_MGSDJ,CONJ. JAIBA V,MG,UFV,ativo,JAIBA,230.0,1.0,13,0,500.0,ons_cadastro,alta,SE Jaíba 230 kV,618.683
CJU_MGJAN,CONJ. JANAÚBA,MG,UFV,ativo,JANAUBA 3,500.0,1.0,27,0,1357.126,ons_cadastro,alta,"SE JANAUBA 3 500 KV | SE JANAUBA 3 500,0 kV",1668.933
CJU_MGUFLS,CONJ. LAR DO SOL,MG,UFV,ativo,PIRAPORA 2,345.0,1.0,10,0,495.0,ons_cadastro,alta,SE PIRAPORA 2 345 KV,384.175
CJU_MGUFPU,CONJ. PARACATU,MG,UFV,ativo,PARACATU 4,138.0,1.0,11,0,342.0,ons_cadastro,alta,"SE PARACATU 4 138,0 kV | SE Paracatu 4 138 kV",275.74
CJU_MGCPIR,CONJ. PIRAPORA 2,MG,UFV,ativo,PIRAPORA 2,138.0,1.0,11,0,300.6,ons_cadastro,alta,SE 138 kV Pirapora 2 ,319.024
CJU_MGSDC,CONJ. SOL DO CERRADO,MG,UFV,ativo,JAIBA,230.0,1.0,17,0,681.306,ons_cadastro,alta,"SE JAIBA 230,0 kV",611.877
CJU_MGUJAI,CONJUNTO JAIBA 4 DIST,MG,UFV,ativo,SECC. LD JANAUBA 1 – MANGA 3,138.0,0.688715953307393,4,0,88.5,rateio_potencia,media,SEC. LD 138 KV MANGA 3 - JANAÚBA 1,139.492
CJU_MGUJAI,CONJUNTO JAIBA 4 DIST,MG,UFV,ativo,SECC. LD JANAUBA 2 – MANGA 3,138.0,0.311284046692607,4,0,40.0,rateio_potencia,media,SECC. LD 138 KV MANGA 3 - JANAÚBA 2,63.047
CJU_SPUFBH,CONJ. BOA HORA,SP,UFV,ativo,SECC. LT AGUA VERMELHA – JALES,138.0,1.0,7,0,183.41,ons_cadastro,alta,LT 138 kV Água Vermelha / Jales  | SECCIONAMENTO  LT 138 KV ÁGUA VERMELHA – JALES | Sec. LT 138 kV Água Vermelha / Jales | Sec. LT 138 kV Água Vermelha / Jales ,137.227
CJU_SPCST3,CONJ. CASTILHO,SP,UFV,ativo,SECC. LT JUPIA – TRES IRMAOS,138.0,1.0,5,0,204.995,ons_cadastro,alta,SECCIONAMENTO DUPLO DA LT 138 KV JUPIÁ – TRÊS,165.11
CJU_SPUFD,CONJ. DRACENA,SP,UFV,ativo,DRACENA,138.0,0.6567505720823799,4,0,86.1,rateio_potencia,media,SE 138 kV Dracena ,38.796
CJU_SPUFD,CONJ. DRACENA,SP,UFV,ativo,MORRO DO CHAPEU 2,500.0,0.34324942791762014,4,0,45.0,rateio_potencia,media,SE Morro do Chapéu II 500 kV,20.277
CJU_SPCUFG,CONJ. GUAIMBÊ,SP,UFV,ativo,GETULINA,138.0,1.0,5,0,150.0,ons_cadastro,alta,SE 138 kV Getulina  | SE GETULINA 138KV | SE Getulina 138kV,86.315
CJU_SPPED,CONJ. PEDRANÓPOLIS,SP,UFV,ativo,SECC. LT AGUA VERMELHA – VOTUPORANGA 2,138.0,0.6666666666666666,3,0,60.0,rateio_potencia,media,SECC. LT 138 KV ÁGUA VERMELHA – VOTUPORANGA 2,47.919
CJU_SPPED,CONJ. PEDRANÓPOLIS,SP,UFV,ativo,SECC. LT AGUA VERMELHA – VOTUPORANGA I,138.0,0.3333333333333333,3,0,30.0,rateio_potencia,media,SECC. LT 138 KV ÁGUA VERMELHA – VOTUPORANGA I,23.959
CJU_SPPB,CONJ. PEREIRA BARRETO,SP,UFV,ativo,TRES IRMAOS,138.0,1.0,11,0,457.994,ons_cadastro,alta,"SE TRES IRMAOS 138,0 kV",237.387
CJU_PESPP,CONJ. BOM NOME,PE,UFV,ativo,FLORES,138.0,1.0,4,0,83.91499999999999,ons_cadastro,alta,SE FLORES 138 KV,104.373
CJU_PIRG3,CONJ. RIBEIRO GONÇALVES,PI,UFV,ativo,RIBEIRO GONCALVES,230.0,1.0,7,0,223.211,ons_cadastro,alta,SE Ribeiro Gonçalves 230 kv,274.314
CJU_MGVZP,CONJ. VARZEA DA PALMA,MG,UFV,ativo,SECC. LD BURITIZEIRO 1 – UHE TRES MARIAS,138.0,1.0,2,0,90.0,ons_cadastro,alta,SECCIONAMENTO DA LD 138 KV BURITIZEIRO 1 – UHE TRÊS MARIAS,64.03
CJU_BABRD,CONJ. FOTOVOLTAICO BARREIRAS II 500 KV,BA,UFV,ativo,BARREIRAS 2,500.0,1.0,7,0,350.0,ons_cadastro,alta,SE BARREIRAS II 500 KV,635.217
CJU_PI5FGID,CONJ. FOTOVOLTAICO GILBUÉS II 500 KV,PI,UFV,ativo,GILBUES 2,500.0,1.0,18,2,703.896,ons_cadastro,alta,"SE 500 kV Gilbués II | SE 500 kV Gilbués II  | SE GILBUES II 500,0 kV",736.392
CJU_MGJSNU,CONJ. TRÊS MARIAS 3 138KV,MG,UFV,ativo,SECC. LD JOAO PINHEIRO 3 – U,138.0,1.0,7,0,70.0,ons_cadastro,alta,Seccionamento da LD 138 kV João Pinheiro 3 -U,20.257
CJU_MGVST1,CONJ. VISTA ALEGRE - JANAÚBA,MG,UFV,ativo,JANAUBA 3,500.0,1.0,18,0,767.842,ons_cadastro,alta,"SE JANAUBA 3 500,0 kV",937.202
CJU_MGJAI3,CONJ. JAÍBA 138 KV,MG,UFV,ativo,JAIBA,138.0,1.0,4,0,120.0,ons_cadastro,alta,SE Jaíba 138kV,156.431
CJU_RNASO,CONJ. ASSU SOL,RN,UFV,ativo,ACU 3,500.0,1.0,16,0,752.6800000000001,ons_cadastro,alta,SE Açu III 500 kV,280.047
CJU_RNSPC,CONJ. SIMPLICE,RN,UFV,ativo,SECC. LT ACU 3 – LAGOA NOVA 2,230.0,1.0,4,0,117.54,ons_cadastro,alta,SEC LT 230 KV AÇU III – LAGOA NOVA II,80.929
CJU_CELINS,CONJ. LINS,CE,UFV,ativo,PECEM 2,230.0,1.0,2,1,90.0,ons_cadastro,alta,SE PECÉM II 230 kv,69.926
CJU_CEMTD,CONJ. MAURITI,CE,UFV,ativo,,,,9,9,0.0,nao_casado,,,102.759
CJU_PEMRRC,CONJ. SERRITA,PE,UFV,ativo,SECC. LT SALGUEIRO – SERRITA,138.0,1.0,2,0,60.0,ons_cadastro,alta,SECCIONAMENTO LT 138 KV SALGUEIRO-SERRITA,21.93
CJU_PI5FRGV,CONJ. RIBEIRO GONÇALVES 500 KV,PI,UFV,ativo,,,,3,3,0.0,nao_casado,,,183.762
CJU_BA4FJZD,CONJ. JUAZEIRO II 230 KV,BA,UFV,ativo,JUAZEIRO 2,230.0,1.0,8,0,277.07,ons_cadastro,alta,SE 230 kV Juazeiro da Bahia II  | SE JUAZEIRO DA BAHIA II 230 KV,120.168
CJU_MGPR4,CONJ. PARACATU 4 500 KV,MG,UFV,encerrado em 2026-08-31,PARACATU 4,500.0,1.0,15,0,661.5,ons_cadastro,alta,SE Paracatu 4 500 kV,300.297
CJU_BA3FIRE,CONJ. IRECÊ 138 KV,BA,UFV,ativo,IRECE,138.0,1.0,2,0,133.39999999999998,ons_cadastro,alta,"SE IRECE 138,0 kV",66.949
CJU_BASSDB,CONJ. SERRA DA BABILÔNIA,BA,UFV,ativo,MORRO DO CHAPEU 2,230.0,1.0,4,0,123.0,ons_cadastro,alta,SE Morro do Chapéu II 230 kV,56.479
CJU_BA4FBBS,CONJ. BABILÔNIA SUL,BA,UFV,ativo,OUROLANDIA 2,230.0,1.0,2,0,99.998,ons_cadastro,alta,SE Ourolândia II 230 kV,40.245
CJU_MGDRC,CONJ. DRACO,MG,UFV,ativo,ARINOS 2,500.0,1.0,11,0,505.23900000000003,ons_cadastro,alta,SE Arinos 2 500 kV,168.111
CJU_BA4FBBC,CONJ. BABILÔNIA CENTRO,BA,UFV,ativo,OUROLANDIA 2,500.0,1.0,4,0,199.98,ons_cadastro,alta,SE Ourolândia II 500 kV,64.73
CJU_CE4FICO,CONJ. ICÓ 230 KV,CE,UFV,ativo,ICO,230.0,1.0,4,0,189.035,ons_cadastro,alta,SE Icó 230 kV | SE Icó 230kV,37.517
CJU_CEAPA,CONJ. JAGUARUANA II 230KV,CE,UFV,ativo,JAGUARUANA 2,230.0,1.0,4,0,199.8,ons_cadastro,alta,SE Jaguaruana II 230 kV,47.426
CJU_PESODA,CONJ. TACAIMBÓ 230 KV,PE,UFV,ativo,TACAIMBO,230.0,1.0,6,0,169.82999999999998,ons_cadastro,alta,SE Tacaimbó 230 KV,26.066
CJU_GOCFVB,CONJ. BARRO ALTO 230KV,GO,UFV,ativo,BARRO ALTO,230.0,1.0,7,0,350.0,ons_cadastro,alta,SE Barro Alto 230 kV,100.254
CJU_CE4FRSD,CONJ. RUSSAS II 230 KV,CE,UFV,ativo,RUSSAS 2,230.0,1.0,4,0,164.976,ons_cadastro,alta,"SE RUSSAS II 230,0 kV",21.378
CJU_MGUFUR,CONJ. URUCUIA 2 (DISTRIBUIÇÃO),MG,UFV,ativo,SECC. LD SAO ROMAO – URUCUIA 1,138.0,1.0,4,0,105.0,ons_cadastro,alta,SECC LD 138 KV SÃO ROMÃO – URUCUIA 1,2.949
CJU_BA4FBMC,CONJ. FOT. BROTAS DE MACAÚBAS 230 KV,BA,UFV,ativo,BROTAS DE MACAUBAS,230.0,1.0,2,0,65.0,ons_cadastro,alta,SE BROTAS DE MACAÚBAS 230 KV | SE Brotas de Macaúbas 230 kv,1.746
CJU_MS4FINO,CONJ. INOCÊNCIA 230 KV,MS,UFV,ativo,INOCENCIA,230.0,1.0,8,0,352.507,ons_cadastro,alta,SE Inocência 230 kV,0.001
CJU_MS4FRBE,CONJ. RIO BRILHANTE 230KV,MS,UFV,ativo,RIO BRILHANTE,230.0,1.0,7,0,491.0,ons_cadastro,alta,SE Rio Brilhante 230 kV,0.005
