uf,barramento,sigla,tensao_kv,must_2027,must_2028,must_2029,must_2030,must_2031,cap_rem_2031_barramento,cap_rem_2031_subarea,cap_rem_2031_area,resultado,fator_limitante,elementos_citados,lrcap,produto_ref
GO,Bandeirantes,STBD,230,140.0,140.0,140.0,140.0,140.0,0.0,0.0,0.0,INAB,Sobrecarga na LT 230 kV C. Dourada - Itumbiara em regime normal de operação.,LT 230 kV C. Dourada - Itumbiara,False,2031
MG,Montes Claros 2 - Irapé C1,MCL2_IRAE,345,0.0,300.0,300.0,300.0,300.0,0.0,0.0,0.0,INAB,Colapso de tensão após contingências simples na rede de 500 kV da malha Goiás Minas Gerais São Paulo seguidas por falhas de comutação em elos HVDC.,rede 500 kV Goiás Minas Gerais São Paulo,False,2031
MG,Serra das Almas II,SDA2,500,0.0,0.0,0.0,254.2,254.2,0.0,0.0,0.0,INAB,Colapso de tensão após contingências simples na rede de 500 kV da malha Goiás Minas Gerais São Paulo seguidas por falhas de comutação em elos HVDC.,rede 500 kV Goiás Minas Gerais São Paulo,False,2031
RJ,Lagos,LGO,500,17.2,17.2,17.2,17.2,17.2,17.2,17.2,17.2,AD,Não foram encontradas violações na região em análise para o valor cadastrado.,,False,2031
SP,Getulina,GET,440,0.0,0.0,0.0,300.0,300.0,300.0,300.0,300.0,ADVC,Não foram encontradas violações na região em análise para o valor cadastrado. Configuração G descrita na,,False,2031
BA,Ourolândia II,OUR,500,0.0,0.0,0.0,297.6,875.1,0.0,0.0,0.0,INAB,Incapacidade de acréscimo de nova geração devido a violação dos limites de intercâmbio ou de fluxo previamente definidos.,limites de intercâmbio/fluxo (exportação do Nordeste),False,2031
BA,Correntina,CRT,500,0.0,0.0,0.0,500.0,500.0,0.0,0.0,0.0,INAB,Incapacidade de acréscimo de nova geração devido a violação dos limites de intercâmbio ou de fluxo previamente definidos.,limites de intercâmbio/fluxo (exportação do Nordeste),False,2031
BA,Sol do Sertão,SDS,500,0.0,0.0,586.9,586.9,586.9,0.0,0.0,0.0,INAB,Incapacidade de acréscimo de nova geração devido a violação dos limites de intercâmbio ou de fluxo previamente definidos.,limites de intercâmbio/fluxo (exportação do Nordeste),False,2031
BA,Gentio do Ouro II,GDO,500,0.0,0.0,376.8,376.8,784.8,0.0,0.0,0.0,INAB,Incapacidade de acréscimo de nova geração devido a violação dos limites de intercâmbio ou de fluxo previamente definidos.,limites de intercâmbio/fluxo (exportação do Nordeste),False,2031
BA,Campo Formoso II,CAF-II,500,0.0,0.0,824.4,824.4,824.4,0.0,0.0,0.0,INAB,Incapacidade de acréscimo de nova geração devido a violação dos limites de intercâmbio ou de fluxo previamente definidos.,limites de intercâmbio/fluxo (exportação do Nordeste),False,2031
BA,Campo Formoso II Barra II C1,CAF-II BRR-II,500,0.0,0.0,0.0,525.0,525.0,0.0,0.0,0.0,INAB,Incapacidade de acréscimo de nova geração devido a violação dos limites de intercâmbio ou de fluxo previamente definidos.,limites de intercâmbio/fluxo (exportação do Nordeste),False,2031
BA,Brumado II,BDD,230,0.0,0.0,293.5,293.5,293.5,0.0,0.0,0.0,INAB,Incapacidade de acréscimo de nova geração devido a violação dos limites de intercâmbio ou de fluxo previamente definidos.,limites de intercâmbio/fluxo (exportação do Nordeste),False,2031
BA,Ibicoara,ICA,230,0.0,270.0,270.0,270.0,270.0,0.0,0.0,0.0,INAB,Incapacidade de acréscimo de nova geração devido a violação dos limites de intercâmbio ou de fluxo previamente definidos.,limites de intercâmbio/fluxo (exportação do Nordeste),False,2031
PB,Santa Luzia,SLD,500,0.0,0.0,700.0,848.5,848.5,0.0,0.0,0.0,INAB,Incapacidade de acréscimo de nova geração devido a violação dos limites de intercâmbio ou de fluxo previamente definidos.,limites de intercâmbio/fluxo (exportação do Nordeste),False,2031
PE,Luiz Gonzaga,ULG,500,0.0,0.0,473.6,473.6,473.6,0.0,0.0,0.0,INAB,Incapacidade de acréscimo de nova geração devido a violação dos limites de intercâmbio ou de fluxo previamente definidos.,limites de intercâmbio/fluxo (exportação do Nordeste),False,2031
PI,Curral Novo do Piauí II,CNP,500,0.0,0.0,359.6,359.6,769.1,0.0,0.0,0.0,INAB,Incapacidade de acréscimo de nova geração devido a violação dos limites de intercâmbio ou de fluxo previamente definidos.,limites de intercâmbio/fluxo (exportação do Nordeste),False,2031
PI,Queimada Nova II,QND,500,0.0,0.0,359.6,359.6,359.6,0.0,0.0,0.0,INAB,Incapacidade de acréscimo de nova geração devido a violação dos limites de intercâmbio ou de fluxo previamente definidos.,limites de intercâmbio/fluxo (exportação do Nordeste),False,2031
PI,Parnaíba III,PBT,230,0.0,0.0,0.0,0.0,255.0,0.0,0.0,0.0,INAB,Incapacidade de acréscimo de nova geração devido a violação dos limites de intercâmbio ou de fluxo previamente definidos.,limites de intercâmbio/fluxo (exportação do Nordeste),False,2031
PI,São João do Piauí,SJI,230,0.0,0.0,0.0,0.0,104.7,0.0,0.0,0.0,INAB,Incapacidade de acréscimo de nova geração devido a violação dos limites de intercâmbio ou de fluxo previamente definidos.,limites de intercâmbio/fluxo (exportação do Nordeste),False,2031
RN,Ceará Mirim II,CID,500,0.0,0.0,500.0,500.0,500.0,0.0,0.0,0.0,INAB,Incapacidade de acréscimo de nova geração devido a violação dos limites de intercâmbio ou de fluxo previamente definidos.,limites de intercâmbio/fluxo (exportação do Nordeste),False,2031
RN,João Câmara III,JCT,230,0.0,0.0,295.8,295.8,295.8,0.0,0.0,0.0,INAB,Incapacidade de acréscimo de nova geração devido a violação dos limites de intercâmbio ou de fluxo previamente definidos.,limites de intercâmbio/fluxo (exportação do Nordeste),False,2031
RN,Touros,TRS,230,2.5,2.5,2.5,2.5,2.5,0.0,0.0,0.0,INAB,Incapacidade de acréscimo de nova geração devido a violação dos limites de intercâmbio ou de fluxo previamente definidos.,limites de intercâmbio/fluxo (exportação do Nordeste),False,2031
SE,Itabaiana,ITB,230,0.0,300.0,300.0,300.0,300.0,0.0,0.0,0.0,INAB,Incapacidade de acréscimo de nova geração devido a violação dos limites de intercâmbio ou de fluxo previamente definidos.,limites de intercâmbio/fluxo (exportação do Nordeste),False,2031
RS,Alegrete 2,ALE2,230,0.0,0.0,185.25,185.25,185.25,100.0,100.0,100.0,PC,"Sobrecarga na LT 230 kV Alegrete 2 Maçambará, na contingência da LT 230 kV Maçambará UTE Uruguaiana, na carga máxima noturna de inverno. Sobrecarga na LT 230 kV Alegrete 2 Maçambará, na contingência da LT 230 kV Maçambará UTE Uruguaiana, na carga máxima noturna de inverno.",LT 230 kV Alegrete 2 Maçambará; LT 230 kV Maçambará UTE Uruguaiana,False,2031
RS,Livramento 3,LIV3,230,0.0,0.0,807.5,807.5,807.5,360.0,,,PC,"Sobrecarga na LT 230 kV Bagé 2 Livramento 2, em condição normal de operação, na carga máxima noturna de inverno.",LT 230 kV Bagé 2 Livramento 2,False,2031
RS,Santa Vitória do Palmar 2,SPA2,525,0.0,0.0,616.0,616.0,616.0,616.0,616.0,616.0,AD,Não foram encontradas violações na região em análise para o valor cadastrado.,,False,2031
MG,São Simão,SSSE,500,0.0,0.0,0.0,308.561,308.561,308.561,308.561,308.561,AD,Não foram encontradas violações na região em análise para o valor cadastrado.,,True,2031
AL,Rio Largo II,RLD,230,0.0,315.618,364.538,364.538,364.538,364.538,364.538,364.538,AD,Não foram encontradas violações na região em análise para o valor cadastrado.,,True,2031
BA,Camaçari IV,CMQ,230,0.0,0.0,18.31,18.31,18.31,18.31,18.31,18.31,AD,Não foram encontradas violações na região em análise para o valor cadastrado.,,True,2031
BA,Polo,PLO,230,0.0,79.024,79.024,79.024,79.024,79.024,79.024,79.024,AD,Não foram encontradas violações na região em análise para o valor cadastrado.,,True,2031
PE,Suape II,SUD,230,0.0,0.0,120.724,120.724,120.724,120.724,120.724,120.724,AD,Não foram encontradas violações na região em análise para o valor cadastrado.,,True,2031
RN,Açu II,ACD,230,0.0,0.0,0.0,0.0,50.0,50.0,50.0,50.0,AD,Não foram encontradas violações na região em análise para o valor cadastrado.,,True,2031
MS,Imbirussú,IMB,230,68.0,68.0,68.0,68.0,68.0,68.0,68.0,68.0,AD,Não foram encontradas violações na região em análise para o valor cadastrado.,,True,2031
PR,Gralha Azul,GRL,230,0.0,220.0,220.0,220.0,220.0,220.0,220.0,220.0,AD,"Sobrecarga na LT 230 kV Gralha Azul - Umbará, em regime normal de operação, na carga máxima noturna de verão.",LT 230 kV Gralha Azul - Umbará,True,2031
PR,Areia,ARE,525,0.0,0.0,0.0,860.0,860.0,860.0,860.0,860.0,AD,Não foram encontradas violações na região em análise para o valor cadastrado.,,True,2031
PR,Segredo,SGD,525,0.0,0.0,0.0,1266.0,1266.0,1266.0,1266.0,1266.0,AD,Não foram encontradas violações na região em análise para o valor cadastrado.,,True,2031
