pac_nome,pac_tensao_kv,conjuntos_usinas,usinas_cadastro,pot_mw,eng_gwh,grafias
ACU 3,500.0,10,114,4363.082,4024.576,"SE 500 kV Açu III | SE 500 kV Açu III  | SE ACU III 500,0 kV | SE Açu III 230 kV | SE Açu III 500 kV"
JOAO CAMARA 3,138.0,13,62,1586.22,3523.755,"SE JOAO CAMARA III 138,0 kV | SE JOAO CAMARA III 230,0 kV | SE JOAO CAMARA III 500,0 kV | SE JOÃO CAMARA III 230 KV | SE JOÃO CÂMARA III 230 KV | SE João Câmara III  138 kV | SE João Câmara III 138 kV"
GENTIO DO OURO 2,230.0,4,66,2333.1,2752.167,"SE 230 kV Gentio do Ouro II  | SE GENTIO DO OURO II 230 KV | SE GENTIO DO OURO II 230,0 kV | SE GENTIO DO OURO II 500 KV | SE GENTIO DO OURO II 500,0 kV | SE Gentio do Ouro II 500 kV"
OUROLANDIA 2,230.0,11,115,4108.378,2624.77,"SE OUROLANDIA II 230,0 kV | SE OUROLANDIA II 500,0 kV | SE Ourolândia II 230 kV | SE Ourolândia II 500 kV"
JANAUBA 3,500.0,2,45,2124.968,2606.135,"SE JANAUBA 3 500 KV | SE JANAUBA 3 500,0 kV"
CEARA MIRIM 2,500.0,2,16,1038.2,1932.079,"SE CEARA MIRIM 2 500,0 kV | SE Ceará Mirim II 500 kV"
MORRO DO CHAPEU 2,230.0,13,80,2610.05,1856.84,"SE 230 kV Morro do Chapéu II | SE 230 kV Morro do Chapéu II  | SE MORRO DO CHAPEU II 230,0 kV | SE MORRO DO CHAPEU II 500,0 kV | SE Morro do Chapéu II 230 kV | SE Morro do Chapéu II 500 kV"
JOAO CAMARA 2,230.0,7,36,889.9,1766.995,"SE 230 kV João Câmara II  | SE 69 kV João Câmara II  | SE JOAO CAMARA 2 230,0 kV | SE JOAO CAMARA 2 69,0 kV | SE João Câmara II  69 kV"
MONTE VERDE,500.0,4,43,974.455,1540.939,"SE MONTE VERDE 500 KV | SE MONTE VERDE 500,0 kV | SE Monte Verde 500 kV"
JAIBA,230.0,3,34,1301.306,1386.992,"SE JAIBA 230,0 kV | SE Jaíba 138kV | SE Jaíba 230 kV"
SANTA LUZIA 2,500.0,8,67,2897.904,1372.906,"SE SANTA LUZIA II 500 KV | SE SANTA LUZIA II 500,0 kV | SE Santa Luzia II 500 kV | SE Santa Luzia II 500 kv | SE Santa Luzia II 500kV"
PECEM 2,230.0,8,52,1289.69,1366.32,"SE  Pecém II 230kV | SE 230 KV PECÉM II | SE 230 kV Pecém II  | SE PECEM II 230,0 kV | SE PECÉM II 230 kv | SE Pecém II 230 kV"
CURRAL NOVO DO PIAUI 2,230.0,9,94,2805.706,1331.777,"SE CURRAL NOVO DO PIAUI II 230,0 kV | SE CURRAL NOVO DO PIAUÍ II 230 KV | SE Curral Novo do Piauí II 230 kV | SE Curral Novo do Piauí II 500 kv"
SAO JOAO DO PIAUI,230.0,6,54,1704.2,1321.508,"SE 230 kV São João do Piauí | SE 230 kV São João do Piauí  | SE SAO JOAO DO PIAUI 230,0 kV | SE SAO JOAO DO PIAUI 500,0 kV"
ARINOS 2,500.0,2,36,1697.775,1248.083,SE 500 KV ARINOS 2 | SE Arinos 2 500 kV | SE Arinos II 500 kV
IGAPORA 3,500.0,7,46,909.6,1235.094,"SE IGAPORA III 230,0 kV | SE IGAPORA III 500,0 kV"
TOUROS,230.0,4,24,525.515,999.777,"SE TOUROS 230 KV | SE TOUROS 230,0 kV | SE TOUROS 69 KV | SE Touros 230 kV"
QUEIMADA NOVA 2,500.0,2,29,1141.5,967.615,"SE QUEIMADA NOVA II 500 KV | SE QUEIMADA NOVA II 500,0 kV"
BOM NOME,230.0,3,20,862.5,956.449,"SE BOM NOME 138,0 kV | SE BOM NOME 230,0 kV | SE BOM NOME 230kV | SE Bom Nome 230 kV"
SECC. LT ACU 3 – JOAO CAMARA 3,500.0,2,24,550.2,953.563,LT 500 KV AÇÚ III – JOÃO CÂMARA III | SECCIONAMENTO LT 500 KV AÇU III - JOÃO CÂMARA | SECCIONAMENTO LT 500 KV AÇÚ III - JOÃO CÂMARA | SECCIONAMENTO LT 500 KV AÇÚ III – JOÃO CÂMARA | Seccionamento LT 500 kV Açú III - João Câmara
PARACATU 4,138.0,3,34,1356.3,950.371,"SE PARACATU 4 138,0 kV | SE Paracatu 4 138 kV | SE Paracatu 4 500 kV"
MOSSORO 2,230.0,6,35,988.27,867.434,"SE 230 kV Mossoró II  | SE MOSSORO II 230,0 kV"
SOL DO SERTAO,500.0,1,10,426.0,799.322,"SE SOL DO SERTAO 500,0 kV | SE SOL DO SERTÃO 500 kV"
GILBUES 2,500.0,3,36,1407.792,736.392,"SE 500 kV Gilbués II | SE 500 kV Gilbués II  | SE GILBUES II 500,0 kV"
IGAPORA 2 ICG,230.0,4,15,355.0,724.033,SE 230 kV Igaporã II - ICG | SE 230 kV Igaporã II - ICG  | SE 69 kV Igaporã II - ICG 
PIRAPORA 2,138.0,2,21,795.6,703.199,SE 138 kV Pirapora 2  | SE PIRAPORA 2 345 KV
SECC. LT BOM JESUS DA LAPA 2 – GENTIO DO OURO 2,500.0,1,8,387.784,701.892,SEC LT 500 KV BOM JESUS DA LAPA II – GENTIO D | SEC. LT 500 KV BOM JESUS DA LAPA II - GENTIO | SECC LT DE 500 KV BOM JESUS DA LAPA II – GENT | SECC LT DE 500 KV BOM JESUS DA LAPA II – GENTIO DO OURO II
ACU 2,230.0,5,10,380.64,666.86,"SE ACU II 138,0 kV | SE ACU II 230,0 kV | SE Açu II 230 kV"
BARREIRAS 2,500.0,1,7,350.0,635.217,SE BARREIRAS II 500 KV
SOBRAL 3,230.0,5,11,343.8,631.341,"SE 230 kV Sobral III  | SE SOBRAL III 230,0 kV | SE SOBRAL III 230kV | SE Sobral III  230 kV"
RUSSAS 2,230.0,5,18,568.426,605.64,"SE 230 kV Russas II | SE 230 kV Russas II  | SE RUSSAS II 230,0 kV"
SECC. LT JUAZEIRO 3 – SOBRADINHO,500.0,1,22,692.435,590.255,SECC LT SOBRADINHO/JUAZEIRO DA BAHIA III C1 | SECC. LT 500 KV U. SOBRADINHO - JUAZEIRO III | SECCIONAMENTO C1 DA LT 500 KV SOBRADINHO –JUA | SECCIONAMENTO DA LT 500 KV SOBRADINHO – JUAZE | SECCIONAMENTO LT 500 KV U. SOBRADINHO- JUAZEI | SECCIONAMENTO LT 500 KV U.SOBRADINHO / JUAZEI
JOAO CAMARA 3 ICG,138.0,4,17,289.6,553.968,SE 138 kV João Câmara III - ICG | SE 138 kV João Câmara III - ICG 
SECC. LT P – VARZEA DA PALMA 1,345.0,1,10,500.0,538.06,SECCIONAMENTO LT 345 KV VÁRZEA DA PALMA 1 – P | Seccionamento LT 345 kV Várzea da Palma 1 – P
ACARAU 2,230.0,3,13,322.0,497.527,"SE 230 kV Acaraú II  | SE 69 kV Acaraú II  | SE ACARAU II 230,0 kV"
TABOCAS DO BREJO VELHO,230.0,2,10,275.8,490.668,"SE TABOCAS DO BREJO VELHO 230,0 kV"
SENHOR DO BONFIM 2,230.0,2,12,495.6,472.106,"SE 230 kV Senhor do Bonfim II | SE SENHOR DO BONFIM II 230,0 kV"
SECC. LT IBIAPINA 2 – PIRIPIRI,230.0,1,12,360.0,426.335,Seccionamento LT 230 kV Ibiapina II – Piripir
JUAZEIRO 2,230.0,4,24,764.14,417.713,SE 230 kV Juazeiro da Bahia II  | SE JUAZEIRO DA BAHIA II 230 KV
PINDAI 2,230.0,4,29,453.85,412.871,"SE 230 kV Pindaí II | SE PINDAI II 230,0 kV"
SOBRADINHO,230.0,3,19,577.595,394.379,"SE 230 KV SOBRADINHO | SE 230 kV Sobradinho  | SE SOBRADINHO 230,0 kV | SE SOBRADINHO 500,0 kV"
MOSSORO 4,230.0,4,15,456.82,375.46,"SE 230 kV Mossoró IV | SE 230 kV Mossoró IV  | SE MOSSORO IV 230,0 kV | SE MOSSORÓ IV 230 KV | SE Mossoró IV 230kV"
GARANHUNS 2,230.0,2,16,468.47,371.092,"SE 230 kV Garanhuns II  | SE GARANHUNS II 230,0 kV | SE Garanhuns II 230 kV"
IRECE,138.0,2,15,436.4,362.968,"SE 230 kV Irecê | SE 230 kV Irecê  | SE IRECE 138,0 kV | SE IRECE 230,0 kV"
LAGOA NOVA 2,69.0,7,30,579.2,349.313,"SE 230 kV Lagoa Nova 2  | SE LAGOA NOVA II 230,0 kV | SE LAGOA NOVA II 69 KV | SE LAGOA NOVA II 69,0 kV | SE Lagoa Nova II 69kV"
BOM JESUS DA LAPA,69.0,4,8,214.0,327.257,"SE 69 kV Bom Jesus da Lapa  | SE BOM JESUS DA LAPA 230,0 kV | SE BOM JESUS DA LAPA 69,0 kV | SE Bom Jesus da Lapa 69 kV "
MIRANDA 2,500.0,1,15,426.0,315.929,"SE 500 kV Miranda II | SE 500 kV Miranda II  | SE MIRANDA II 500,0 kV"
SANTA VITORIA DO PALMAR 2,525.0,1,28,582.71,298.304,"SE SANTA VITORIA DO PALMAR 2 525,0 kV | SE Santa Vitória do Palmar 2 525 kV"
RIBEIRO GONCALVES,230.0,1,7,223.211,274.314,SE Ribeiro Gonçalves 230 kv
IBIAPINA 2,69.0,3,11,239.71,273.832,"SE IBIAPINA II 230,0 kV | SE IBIAPINA II 69,0 kV | SE Ibiapina II 69 kV"
PINDAI 2 ICG,69.0,2,5,51.4,241.576,SE 69 kV Pindaí II - ICG
TRES IRMAOS,138.0,1,11,457.994,237.387,"SE TRES IRMAOS 138,0 kV"
PINDAI ICG,69.0,2,7,147.8,235.831,SE 69 kV Pindaí - ICG 
BROTAS DE MACAUBAS,230.0,2,7,245.19,235.327,"SE 230 kV Brotas de Macaúbas  | SE BROTAS DE MACAUBAS 230,0 kV | SE BROTAS DE MACAÚBAS 230 KV | SE Brotas de Macaúbas 230 kv"
OLINDINA,500.0,1,8,322.4,233.979,"SE OLINDINA 500,0 kV"
EXTREMOZ 2,230.0,1,5,145.8,232.855,SE 230 kV Extremoz II
CAUIPE,230.0,1,8,201.0,227.985,"SE CAUIPE 230,0 kV"
SECC. LT CAMPINA GRANDE 3 – EXTREMOZ,230.0,1,4,45.0,203.909,Sec. LT 230 kV Campina Grande III – Extremoz
CAMPO FORMOSO,230.0,1,6,180.0,199.75,"SE CAMPO FORMOSO 230,0 kV"
TOUROS ICG,69.0,1,4,81.0,198.164,SE 69 kV Touros - ICG 
COLETORA CHAPADA I,230.0,1,7,210.0,190.508,"SE COLETORA CHAPADA I 230,0 kV"
BANABUIU 230,69.0,1,8,200.0,182.561,SE Banabuiú 230/69 kV
POLO,138.0,1,4,104.0,176.985,SE 138 kV Pólo 
CAETES 2,230.0,1,7,181.9,175.819,"SE CAETES II 230,0 kV"
SECC. LT JOAO CAMARA 3 – MONTE VERDE,500.0,1,2,63.0,170.467,SECC LT 500 KV MONTE VERDE – JOÃO CÂMARA III | SECC. LT 500 KV JOÃO CÂMARA III – MONTE VERDE
SECC. LT BANABUIU – MOSSORO 2,230.0,1,9,278.397,168.571,SE SECC. LT 230 KV BANABUIÚ- MOSSORÓ II
CHAPADA 3,230.0,1,8,204.4,167.863,"SE CHAPADA III 230,0 kV"
TACARATU,230.0,5,17,457.7,167.271,"SE TACARATU 230,0 kV"
SECC. LT JUPIA – TRES IRMAOS,138.0,1,5,204.995,165.11,SECCIONAMENTO DUPLO DA LT 138 KV JUPIÁ – TRÊS
COREMAS,230.0,1,8,216.0,159.735,"SE COREMAS 230,0 kV | SE Coremas 230 kV"
SECC. LT BOM NOME – MILAGRES,230.0,1,5,163.7,152.733,SECC. LT 230 KV MILAGRES – BOM NOME C2
QUEIMADA NOVA,500.0,1,12,170.5,152.5,SE Queimada Nova 500 kV
CHAPADA 2,230.0,1,7,205.1,147.913,"SE CHAPADA II 230,0 kV"
SECC. LD JANAUBA 1 – MANGA 3,138.0,1,4,88.5,139.492,SEC. LD 138 KV MANGA 3 - JANAÚBA 1
MARMELEIRO 2,525.0,1,12,268.0,138.521,"SE MARMELEIRO 2 525,0 kV"
SECC. LT AGUA VERMELHA – JALES,138.0,1,7,183.41,137.227,LT 138 kV Água Vermelha / Jales  | SECCIONAMENTO  LT 138 KV ÁGUA VERMELHA – JALES | Sec. LT 138 kV Água Vermelha / Jales | Sec. LT 138 kV Água Vermelha / Jales 
BRUMADO 2,230.0,1,3,90.0,136.975,"SE BRUMADO II 230,0 kV"
GUAMARE,69.0,1,1,100.65,131.185,Guamaré 69 kV
BARREIRAS,69.0,1,4,94.64,127.798,"SE BARREIRAS 69,0 kV"
PARAISO,138.0,1,5,155.4,125.655,"SE PARAISO 138,0 kV"
MORRO DO CHAPEU ICG,69.0,1,3,89.7,116.809,SE 69 kV Morro do Chapéu - ICG 
CURRAIS NOVOS 2,230.0,1,3,138.6,114.36,SE CURRARIS NOVOS II 230 KV | SE Currais Novos II 230 kV
JOAO CAMARA,230.0,2,8,49.6,110.139,"SE 230kV JOÃO CÂMARA | SE JOAO CAMARA 230,0 kV"
QUIXERE,230.0,1,4,132.0,107.443,SE 230 kV Quixeré 
FLORES,138.0,1,4,83.915,104.373,SE FLORES 138 KV
BARRO ALTO,230.0,1,7,350.0,100.254,SE Barro Alto 230 kV
SECC. LD JANAUBA 3 – MONTES CLAROS 2,138.0,1,3,99.0,87.84,SECCIONAMENTO DA LD 138 KV JANAÚBA 3 - MONTES
GETULINA,138.0,1,5,150.0,86.315,SE 138 kV Getulina  | SE GETULINA 138KV | SE Getulina 138kV
SECC. LD ARAXA 2 – JAGUARA,138.0,1,2,90.0,84.068,SECC. LD 138 KV ARAXÁ 2 - JAGUARA
SECC. LT ACU 3 – LAGOA NOVA 2,230.0,1,4,117.54,80.929,SEC LT 230 KV AÇU III – LAGOA NOVA II
SECC. LT OLINDINA – PAULO AFONSO 4,500.0,1,2,49.7,73.535,SEC LT 500 KV PAULO AFONSO IV – OLINDINA
OSORIO 3,230.0,1,9,317.9,68.577,SE Osório 3 230 kV
MACAU,69.0,1,1,51.0,68.518,SE MACAU 69 KV
SECC. LD BURITIZEIRO 1 – UHE TRES MARIAS,138.0,1,2,90.0,64.03,SECCIONAMENTO DA LD 138 KV BURITIZEIRO 1 – UHE TRÊS MARIAS
SECC. LD JANAUBA 2 – MANGA 3,138.0,1,4,40.0,63.047,SECC. LD 138 KV MANGA 3 - JANAÚBA 2
LIVRAMENTO 3,230.0,1,3,302.4,62.483,SE Livramento 3 230 kV
OSORIO 2,69.0,2,5,190.0,55.013,SE 230 kV Osório 2  | SE 69 kV Osório 2 
AQUIRAZ 2,69.0,1,3,81.0,53.382,SE Aquiraz II 69 kV 
QUINTA,69.0,2,7,172.0,49.954,"SE 69 kV Quinta  | SE QUINTA 138,0 kV"
SECC. LT AGUA VERMELHA – VOTUPORANGA 2,138.0,1,3,60.0,47.919,SECC. LT 138 KV ÁGUA VERMELHA – VOTUPORANGA 2
JAGUARUANA 2,230.0,1,4,199.8,47.426,SE Jaguaruana II 230 kV
SERRA DAS ALMAS 2,500.0,1,6,171.0,43.728,"SE SERRA DAS ALMAS II 500,0 kV"
IGAPORA 2,69.0,1,2,28.2,39.684,SE 69 kV Igaporã II
DRACENA,138.0,1,4,86.1,38.796,SE 138 kV Dracena 
AQUIBATA,138.0,1,6,129.0,38.004,SE 138 kV Aquibatã 
ICO,230.0,1,4,189.035,37.517,SE Icó 230 kV | SE Icó 230kV
BANABUIU,230.0,1,8,30.0,27.384,"SE BANABUIU 230,0 kV"
CERRO CHATO,230.0,1,11,163.2,26.088,"SE CERRO CHATO 230,0 kV"
LAGOA NOVA 2 ICG,69.0,2,14,96.0,26.071,SE 69 kV Lagoa Nova II - ICG | SE 69 kV Lagoa Nova II - ICG 
TACAIMBO,230.0,1,6,169.83,26.066,SE Tacaimbó 230 KV
SECC. LT AGUA VERMELHA – VOTUPORANGA I,138.0,1,3,30.0,23.959,SECC. LT 138 KV ÁGUA VERMELHA – VOTUPORANGA I
SECC. LT IGAPORA 3 – JANAUBA 3,500.0,1,6,90.0,23.015,SEC. LT 500 KV IGAPORÃ III - JANAÚBA 3
COLETORA CHAPADA 3,230.0,1,8,27.2,22.338,"SE COLETORA CHAPADA III 230,0 kV"
SECC. LT SALGUEIRO – SERRITA,138.0,1,2,60.0,21.93,SECCIONAMENTO LT 138 KV SALGUEIRO-SERRITA
BOM JARDIM DA SERRA,138.0,1,4,93.0,20.351,SE 138 kV Bom Jardim da Serra 
SECC. LD JOAO PINHEIRO 3 – U,138.0,1,7,70.0,20.257,Seccionamento da LD 138 kV João Pinheiro 3 -U
VIAMAO 3,230.0,1,3,59.8,16.091,SE 230 kV Viamão 3
LAGOA NOVA,69.0,2,13,40.0,10.379,SE 69 kV Lagoa Nova 
ATLANTIDA 2,69.0,1,1,31.7,9.133,SE 69 kV Atlântida 2
LIVRAMENTO 2,230.0,1,11,54.0,8.632,SE 230 kV Livramento 2
SECC. LD SAO ROMAO – URUCUIA 1,138.0,1,4,105.0,2.949,SECC LD 138 KV SÃO ROMÃO – URUCUIA 1
RIO BRILHANTE,230.0,1,7,491.0,0.005,SE Rio Brilhante 230 kV
INOCENCIA,230.0,1,8,352.507,0.001,SE Inocência 230 kV
